away-draws,away-goals,away-losses,away-opposition-goals,away-wins,date,home-draws,home-goals,home-losses,home-opposition-goals,home-wins,odds-away,odds-draw,odds-home,result
5,13,3,13,2,2009-10-23,2,12,6,19,2,2.9,3.3,2.4,A
3,11,4,12,3,2009-10-24,3,17,5,18,2,4.2,3.6,1.83,D
1,11,6,19,3,2009-10-24,3,12,4,18,3,3.2,3.3,2.25,D
2,18,4,13,4,2009-10-24,2,14,3,13,5,2.2,3.3,3.25,A
3,17,3,15,4,2009-10-24,4,18,1,8,5,7.0,4.0,1.5,D
2,18,2,10,6,2009-10-25,0,15,4,14,6,2.1,3.4,3.4,A
2,23,1,12,7,2009-10-25,2,12,7,26,1,1.44,4.33,7.0,A
1,11,7,20,2,2009-10-31,2,18,2,10,6,11.0,5.0,1.29,H
1,13,4,13,5,2009-10-31,2,24,1,13,7,12.0,5.25,1.25,H
0,14,4,14,6,2009-10-31,4,12,3,11,3,2.8,3.25,2.5,H
3,13,4,19,3,2009-10-31,3,17,3,15,4,4.33,3.5,1.73,D
1,13,8,28,1,2009-10-31,2,11,5,16,3,8.0,4.33,1.4,D
2,11,4,14,4,2009-11-01,2,17,4,13,4,5.0,3.6,1.7,A
4,17,4,16,2,2009-11-02,4,13,3,11,3,4.75,3.6,1.73,H
2,15,5,13,3,2009-11-06,4,14,4,21,2,2.3,3.4,3.0,A
2,12,5,17,3,2009-11-07,4,15,4,15,2,3.4,3.4,2.1,H
0,13,5,14,5,2009-11-07,1,11,4,13,5,5.75,3.75,1.6,H
3,13,3,10,4,2009-11-07,1,11,7,20,2,3.75,3.4,2.0,D
3,17,3,15,4,2009-11-07,2,14,7,25,1,1.91,3.6,3.75,H
2,17,2,8,6,2009-11-08,3,14,3,10,4,2.1,3.4,3.4,A
2,23,1,13,7,2009-11-08,4,18,1,8,5,3.25,3.3,2.2,H
2,15,6,23,2,2009-11-21,2,16,2,8,6,15.0,7.0,1.17,H
1,15,3,13,6,2009-11-21,2,23,1,14,7,6.25,4.2,1.5,A
4,16,1,8,5,2009-11-21,1,16,5,12,4,2.4,3.3,2.9,H
3,15,4,14,3,2009-11-21,0,12,6,17,4,2.8,3.25,2.5,D
2,10,6,18,2,2009-11-21,2,13,5,16,3,3.5,3.3,2.1,H
3,13,4,12,3,2009-11-22,3,11,3,8,4,2.4,3.3,2.9,H
0,12,5,15,5,2009-11-22,2,15,4,15,4,4.33,3.6,1.8,H
3,12,3,9,4,2009-11-27,2,17,2,9,6,11.0,5.75,1.25,H
3,13,5,22,2,2009-11-28,1,22,2,14,7,10.0,5.0,1.3,H
4,14,3,12,3,2009-11-28,1,14,5,12,4,5.75,3.6,1.62,H
2,15,6,23,2,2009-11-28,1,16,2,11,7,8.0,4.75,1.36,H
0,10,6,18,4,2009-11-28,2,14,4,15,4,3.6,3.3,2.05,H
3,16,2,9,5,2009-11-29,1,11,6,17,3,1.73,3.5,5.0,H
2,9,6,15,2,2009-11-29,2,19,3,14,5,5.75,3.6,1.62,H
1,17,4,12,5,2009-12-04,0,10,6,18,4,2.4,3.3,2.9,A
1,11,6,17,3,2009-12-05,3,10,6,22,1,3.1,3.3,2.3,D
2,15,3,13,5,2009-12-05,2,13,5,13,3,4.2,3.5,1.85,D
2,18,3,13,5,2009-12-05,3,10,4,10,3,2.75,3.3,2.5,H
0,18,2,10,8,2009-12-05,2,15,3,10,5,4.0,3.3,1.95,D
1,17,2,8,7,2009-12-06,4,11,4,15,2,1.67,3.6,5.25,A
1,20,2,12,7,2009-12-06,2,8,6,14,2,1.73,3.6,4.75,A
1,19,1,7,8,2009-12-11,3,14,2,9,5,1.7,3.6,5.0,A
0,12,6,20,4,2009-12-12,0,20,2,11,8,9.0,4.5,1.36,D
4,10,5,18,1,2009-12-12,1,18,2,11,7,7.0,4.33,1.44,D
3,11,3,9,4,2009-12-12,2,9,6,16,2,3.2,3.3,2.25,A
2,14,6,21,2,2009-12-12,3,14,3,12,4,12.0,5.5,1.25,A
2,12,5,12,3,2009-12-13,1,17,4,13,5,4.33,3.6,1.8,H
4,11,4,16,2,2009-12-13,2,18,3,12,5,4.75,3.6,1.73,H
2,18,2,9,6,2009-12-19,2,12,5,12,3,3.25,3.3,2.2,D
3,12,3,10,4,2009-12-19,3,13,2,8,5,3.75,3.4,2.0,D
0,18,4,13,6,2009-12-19,2,7,6,12,2,2.0,3.5,3.6,A
2,8,7,18,1,2009-12-19,2,13,5,18,3,2.8,3.25,2.5,A
2,13,5,18,3,2009-12-26,5,8,5,17,0,4.75,3.5,1.75,H
3,10,5,16,2,2009-12-26,1,17,2,11,7,7.5,4.2,1.44,H
3,10,5,12,2,2009-12-26,2,16,2,10,6,4.5,3.5,1.73,H
1,10,6,19,3,2009-12-26,2,8,6,15,2,3.5,3.3,2.1,H
2,5,7,12,1,2009-12-26,3,11,4,12,3,7.0,3.9,1.5,H
0,20,1,6,9,2009-12-27,0,18,3,11,7,2.3,3.3,3.1,D
4,11,3,11,3,2009-12-27,3,17,2,10,5,4.5,3.5,1.8,H
2,12,4,11,4,2009-12-29,3,10,6,18,1,2.1,3.3,3.5,H
2,13,5,15,3,2009-12-29,2,9,6,12,2,4.2,3.6,1.83,D
3,16,2,9,5,2009-12-30,1,21,1,8,8,8.0,4.5,1.4,H
1,16,2,11,7,2009-12-30,4,14,1,7,5,2.0,3.4,3.75,A
2,16,2,10,6,2009-12-30,2,1,8,13,0,2.4,3.25,2.9,H
5,10,4,15,1,2009-12-30,1,10,7,23,2,2.75,3.3,2.5,H
1,19,2,10,7,2009-12-30,1,12,6,20,3,1.67,3.75,5.0,A
3,12,2,8,5,2010-01-15,1,23,1,9,8,7.0,4.0,1.5,D
3,9,5,11,2,2010-01-16,5,9,4,12,1,2.5,3.25,2.8,A
1,11,6,22,3,2010-01-16,1,9,7,22,2,2.5,3.25,2.8,A
2,3,7,11,1,2010-01-16,3,12,4,13,3,3.4,3.25,2.15,H
3,10,5,15,2,2010-01-17,2,16,2,11,6,5.0,3.6,1.7,A
1,21,0,5,9,2010-01-17,2,10,5,13,3,2.38,3.25,3.0,A
2,14,3,14,5,2010-01-23,4,12,2,10,4,2.5,3.25,2.6,H
1,10,7,22,2,2010-01-23,1,3,8,12,1,6.0,3.75,1.53,A
3,13,3,12,4,2010-01-23,3,13,3,11,4,4.33,3.6,1.73,H
2,23,1,10,7,2010-01-23,4,10,3,9,3,2.0,3.4,3.4,D
1,16,2,10,7,2010-01-24,3,11,4,10,3,2.3,3.3,2.88,H
2,9,6,17,2,2010-01-24,1,11,6,23,3,2.2,3.3,3.0,D
1,23,0,5,9,2010-01-29,2,14,3,13,5,1.8,3.5,4.5,A
5,8,3,9,2,2010-01-30,1,15,3,12,6,7.0,4.5,1.44,H
2,13,5,15,3,2010-01-30,2,9,6,22,2,3.1,3.4,2.25,A
2,14,3,10,5,2010-01-31,3,23,0,9,7,5.0,3.75,1.67,A
3,14,2,9,5,2010-01-31,3,9,5,15,2,5.25,3.6,1.67,H
2,13,4,18,4,2010-02-02,2,10,6,22,2,2.9,3.25,2.4,H
1,14,3,11,6,2010-02-03,1,26,0,5,9,4.75,3.6,1.73,H
4,8,4,10,2,2010-02-03,3,13,3,13,4,3.25,3.25,2.2,A
2,11,5,15,3,2010-02-04,4,7,5,12,1,2.1,3.3,3.5,A
3,12,3,10,4,2010-02-06,1,27,0,7,9,13.0,5.75,1.22,A
1,12,6,20,3,2010-02-06,1,14,5,15,4,5.25,3.75,1.65,H
2,11,5,20,3,2010-02-06,1,4,8,14,1,3.2,3.3,2.25,H
2,9,5,18,3,2010-02-06,3,7,4,8,3,3.0,3.4,2.3,D
2,11,5,16,3,2010-02-07,3,11,4,10,3,2.8,3.4,2.4,H
4,9,5,13,1,2010-02-07,3,13,3,12,4,3.7,3.4,2.0,H
1,15,4,14,5,2010-02-07,1,14,3,8,6,2.4,3.4,2.8,D
2,15,3,13,5,2010-02-13,0,10,7,20,3,2.7,3.25,2.63,A
2,15,3,12,5,2010-02-14,3,21,1,11,6,3.0,3.25,2.38,D
4,7,3,7,3,2010-02-14,2,10,5,15,3,7.0,4.33,1.44,H
1,6,7,13,2,2010-02-19,3,10,4,10,3,6.0,3.8,1.57,H
2,13,3,10,5,2010-02-20,4,20,1,11,5,5.5,3.75,1.62,A
1,16,4,13,5,2010-02-20,2,15,3,12,5,3.1,3.4,2.25,H
0,8,8,22,2,2010-02-20,2,15,2,7,6,7.5,4.2,1.44,D
3,9,6,14,1,2010-02-20,4,6,4,8,2,3.4,3.4,2.1,H
2,11,5,18,3,2010-02-21,1,26,1,9,8,13.0,5.25,1.25,H
2,11,4,13,4,2010-02-21,3,15,2,11,5,3.75,3.4,2.0,H
2,7,7,16,1,2010-02-24,1,15,5,15,4,3.75,3.4,1.91,H
3,13,3,9,4,2010-02-24,1,8,7,20,2,1.91,3.4,3.75,D
4,17,2,11,4,2010-02-26,3,8,5,18,2,2.3,3.4,3.0,D
4,13,2,8,4,2010-02-27,0,15,5,14,5,2.8,3.25,2.5,H
4,8,4,8,2,2010-02-27,0,7,8,16,2,3.75,3.4,2.0,H
2,18,2,12,6,2010-02-27,2,11,5,18,3,3.4,3.3,2.15,D
3,12,2,7,5,2010-02-28,2,7,7,15,1,2.4,3.3,2.9,D
1,25,1,8,8,2010-02-28,2,9,6,18,2,1.4,4.5,8.0,A
3,16,2,12,5,2010-02-28,2,12,3,10,5,2.0,3.4,3.75,D
0,8,7,15,3,2010-03-06,0,15,4,11,6,3.4,3.4,2.1,H
1,26,1,9,8,2010-03-06,3,7,6,14,1,1.5,4.0,6.5,A
4,11,2,7,4,2010-03-07,4,6,5,19,1,2.9,3.4,2.35,D
3,13,3,9,4,2010-03-07,3,10,4,14,3,2.5,3.3,2.75,H
0,8,7,18,3,2010-03-10,2,7,7,16,1,3.0,3.2,2.4,H
3,13,3,9,4,2010-03-14,1,25,1,8,8,8.0,4.5,1.4,H
2,9,7,20,1,2010-03-14,4,16,2,13,4,10.0,5.0,1.3,H
1,11,7,17,2,2010-03-14,5,13,2,10,3,6.5,3.8,1.53,H
0,9,7,21,3,2010-03-14,3,18,2,13,5,4.2,3.5,1.85,H
4,5,5,18,1,2010-03-14,2,13,3,11,5,3.3,3.25,2.2,H
1,10,5,13,4,2010-03-14,5,12,1,7,4,2.88,3.2,2.5,D
0,18,3,8,7,2010-03-14,3,8,5,9,2,2.8,3.25,2.5,H
2,15,2,9,6,2010-03-21,0,19,3,9,7,3.1,3.4,2.25,H
3,19,2,14,5,2010-03-21,2,11,4,9,4,3.2,3.4,2.2,D
3,16,2,12,5,2010-03-21,3,5,6,20,1,1.83,3.5,4.33,A
1,25,1,8,8,2010-03-21,0,10,7,23,3,1.57,3.8,6.0,A
6,12,1,8,3,2010-03-21,2,11,4,14,4,2.38,3.4,2.9,H
3,10,4,8,3,2010-03-21,2,8,7,19,1,4.0,3.5,1.85,D
5,13,2,10,3,2010-03-21,2,11,4,13,4,4.0,3.6,1.85,A
5,11,2,8,3,2010-07-30,2,9,5,15,3,4.75,3.6,1.73,D
3,18,2,12,5,2010-07-31,3,19,2,14,5,1.91,3.3,3.75,H
0,10,7,25,3,2010-07-31,2,11,3,10,5,3.8,3.3,1.91,H
5,14,2,10,3,2010-07-31,3,9,4,7,3,2.3,3.2,2.9,A
1,9,8,19,1,2010-08-01,0,21,2,8,8,4.0,3.5,1.8,D
3,5,7,24,0,2010-08-01,3,12,3,9,4,3.75,3.3,1.91,H
0,29,1,6,9,2010-08-07,2,10,7,19,1,1.5,3.8,7.0,D
2,10,3,9,5,2010-08-07,3,14,3,12,4,9.0,4.75,1.33,H
3,19,1,10,6,2010-08-07,0,8,8,27,2,3.25,3.4,2.15,D
2,12,3,10,5,2010-08-07,6,11,2,9,2,3.6,3.4,2.0,A
2,14,3,10,5,2010-08-08,4,13,2,8,4,3.6,3.4,2.0,A
1,20,2,9,7,2010-08-08,3,6,7,24,0,4.0,3.4,1.9,D
4,5,6,20,0,2010-08-14,1,25,1,6,8,9.0,5.0,1.33,H
1,11,4,13,5,2010-08-14,3,18,1,9,6,4.0,3.4,1.91,H
1,8,7,26,2,2010-08-14,3,14,3,11,4,6.5,3.8,1.53,D
6,11,2,9,2,2010-08-14,2,10,4,7,4,3.3,3.25,2.2,D
3,18,2,11,5,2010-08-15,2,16,2,8,6,1.67,3.75,5.0,H
3,9,6,16,1,2010-08-15,2,15,3,9,5,7.0,4.33,1.44,H
3,17,3,14,4,2010-08-20,1,9,5,14,4,2.15,3.3,3.3,H
3,10,3,6,4,2010-08-21,4,5,6,21,0,3.2,3.25,2.25,D
1,24,1,6,8,2010-08-21,2,10,6,25,2,1.62,3.75,5.5,A
2,17,2,8,6,2010-08-21,7,10,2,10,1,3.6,3.4,2.0,H
3,9,3,11,4,2010-08-22,3,7,6,18,1,2.05,3.4,3.5,A
1,13,3,10,6,2010-08-22,3,17,3,13,4,5.75,3.6,1.62,A
7,12,2,10,1,2010-08-28,1,24,1,4,8,10.0,5.25,1.25,D
2,8,7,27,1,2010-08-28,2,15,3,12,5,3.2,3.1,2.2,D
1,10,4,12,5,2010-08-28,1,14,2,9,7,4.5,3.3,1.75,D
3,18,0,7,7,2010-08-28,3,14,4,14,3,4.5,3.3,1.75,H
5,5,5,16,0,2010-08-29,2,12,3,12,5,6.0,3.6,1.53,H
3,16,3,12,4,2010-08-29,4,9,3,6,3,2.38,3.2,2.8,A
2,23,0,2,8,2010-09-10,2,10,3,11,5,1.73,3.6,4.75,A
3,9,5,15,2,2010-09-11,5,5,5,16,0,4.33,3.5,1.83,H
2,13,2,9,6,2010-09-11,3,16,1,7,6,3.25,3.3,2.2,H
3,15,2,10,5,2010-09-11,3,12,4,12,3,7.0,4.0,1.5,H
2,22,3,10,5,2010-09-12,2,17,3,12,5,2.9,3.3,2.4,D
3,9,4,7,3,2010-09-12,3,8,6,25,1,3.1,3.3,2.3,H
3,14,3,11,4,2010-09-17,2,12,2,8,6,2.3,3.4,3.0,H
2,8,4,12,4,2010-09-18,3,14,3,12,4,3.4,3.4,2.1,H
3,10,6,26,1,2010-09-18,2,23,3,11,5,8.0,4.75,1.36,H
3,15,1,7,6,2010-09-19,2,23,0,2,8,9.5,5.0,1.3,H
2,18,3,13,5,2010-09-19,3,9,5,15,2,1.83,3.4,4.0,A
7,10,2,8,1,2010-09-19,2,14,2,11,6,5.75,3.7,1.6,H
2,26,2,11,6,2010-09-21,2,9,5,16,3,1.8,3.6,4.33,A
3,8,4,9,3,2010-09-22,3,12,2,9,5,4.0,3.3,1.95,A
2,19,1,13,7,2010-09-22,3,11,6,25,1,2.2,3.4,3.2,H
3,17,3,14,4,2010-09-22,2,13,1,6,7,4.0,3.4,1.91,D
2,9,6,20,2,2010-09-22,3,13,4,12,3,7.0,4.0,1.4,H
3,5,5,14,2,2010-09-22,6,13,3,13,1,3.5,3.4,2.05,H
2,12,3,10,5,2010-09-25,4,15,3,16,3,3.2,3.25,2.25,H
5,16,3,15,2,2010-09-25,2,27,1,9,7,6.0,4.0,1.53,H
1,8,6,17,3,2010-09-25,1,20,2,15,7,7.0,4.0,1.5,H
3,14,3,11,4,2010-09-25,3,10,3,9,4,2.15,3.25,3.4,A
2,14,1,7,7,2010-09-26,3,23,0,2,7,8.0,4.5,1.33,H
1,24,3,11,6,2010-09-26,2,7,6,17,2,1.91,3.3,3.6,H
2,30,0,7,8,2010-10-01,2,12,2,11,6,2.0,3.3,3.75,D
2,9,5,16,3,2010-10-02,3,13,4,20,3,3.2,3.25,2.25,H
3,9,4,10,3,2010-10-02,1,6,7,19,2,2.88,3.3,2.4,A
2,6,7,20,1,2010-10-02,4,15,4,17,2,4.75,3.6,1.73,D
1,20,2,14,7,2010-10-03,1,24,4,13,5,3.75,3.3,2.0,H
3,26,0,2,7,2010-10-03,2,15,3,11,5,2.3,3.3,3.1,H
1,23,4,14,5,2010-10-15,5,15,3,16,2,2.1,3.4,3.4,A
3,14,3,16,4,2010-10-16,3,6,6,19,1,2.75,3.3,2.5,A
1,6,7,18,2,2010-10-16,1,4,9,22,0,2.2,3.25,3.25,H
1,12,4,11,5,2010-10-16,1,20,3,17,6,5.0,3.7,1.67,H
2,7,7,18,1,2010-10-16,2,8,5,13,3,4.5,3.5,1.8,D
3,12,2,12,5,2010-10-16,2,11,4,11,4,3.4,3.4,2.1,D
3,23,1,7,6,2010-10-17,4,14,2,14,4,1.75,3.6,4.5,H
2,20,2,10,6,2010-10-17,2,31,0,8,8,3.6,3.3,2.05,H
2,33,0,9,8,2010-10-22,1,11,5,13,4,1.8,3.6,4.33,H
1,9,8,18,1,2010-10-23,3,14,2,13,5,7.5,4.5,1.4,H
4,16,4,18,2,2010-10-23,3,8,6,18,1,2.88,3.3,2.4,D
3,8,4,12,3,2010-10-23,4,11,2,13,4,3.75,3.3,2.0,H
2,6,7,20,1,2010-10-23,1,5,8,24,1,3.1,3.3,2.25,H
3,12,3,11,4,2010-10-24,3,19,2,7,5,12.0,5.5,1.25,H
1,26,3,15,6,2010-10-24,3,16,2,15,5,2.2,3.25,3.25,H
1,21,3,17,6,2010-10-24,1,21,3,13,6,4.0,3.6,1.85,H
0,11,5,12,5,2010-10-29,1,8,8,23,1,2.5,3.4,2.65,D
4,7,5,14,1,2010-10-30,1,10,8,19,1,2.9,3.3,2.38,D
4,14,2,13,4,2010-10-30,1,22,3,15,6,5.5,3.75,1.62,H
1,7,7,22,2,2010-10-30,2,9,5,17,3,4.33,3.6,1.8,D
2,16,2,14,6,2010-10-30,5,15,3,16,2,3.2,3.3,2.2,D
2,16,2,14,6,2010-10-30,3,11,4,13,3,3.4,3.4,2.1,H
1,19,3,13,6,2010-10-31,1,22,4,15,5,3.1,3.4,2.25,D
2,21,2,7,6,2010-10-31,2,29,1,10,7,2.8,3.3,2.45,A
2,25,2,12,6,2010-11-05,2,12,4,13,4,2.1,3.5,3.25,D
3,9,4,13,3,2010-11-06,1,9,5,12,4,4.0,3.4,1.91,H
2,14,2,12,6,2010-11-06,5,9,4,15,1,2.9,3.3,2.4,D
2,8,7,18,1,2010-11-06,4,14,3,16,3,6.0,4.0,1.53,H
5,15,3,16,2,2010-11-06,2,7,6,20,2,3.0,3.4,2.3,A
2,11,7,19,1,2010-11-06,1,18,3,12,6,13.0,6.0,1.22,A
2,23,3,14,5,2010-11-07,2,19,2,8,6,5.5,3.75,1.62,D
1,23,3,15,6,2010-11-07,2,14,3,15,5,2.3,3.5,2.88,A
2,13,4,14,4,2010-11-13,2,7,7,17,1,2.4,3.3,2.88,A
6,10,3,15,1,2010-11-13,3,24,2,14,5,8.0,4.75,1.36,H
2,14,3,12,5,2010-11-13,3,22,2,12,5,7.0,4.2,1.45,H
1,19,3,14,6,2010-11-13,2,9,5,17,3,1.95,3.4,3.8,A
2,6,7,23,1,2010-11-13,3,16,1,11,6,5.0,3.6,1.7,H
3,18,2,10,5,2010-11-14,1,21,3,14,6,2.63,3.25,2.63,A
1,11,5,11,4,2010-11-14,5,14,3,16,2,3.1,3.3,2.3,D
3,21,2,11,5,2010-11-20,2,5,8,18,0,1.65,3.75,5.25,A
2,12,4,11,4,2010-11-20,2,13,6,16,2,2.4,3.3,2.9,H
2,13,3,12,5,2010-11-20,1,21,4,16,5,6.0,3.8,1.57,D
2,20,2,11,6,2010-11-20,2,9,5,17,3,1.73,3.6,4.75,A
1,6,8,26,1,2010-11-20,6,9,3,13,1,4.33,3.5,1.83,A
4,14,3,15,3,2010-11-20,2,18,1,10,7,3.2,3.4,2.2,H
1,13,4,14,5,2010-11-21,3,24,2,13,5,6.0,4.0,1.53,A
1,19,3,14,6,2010-11-21,5,15,3,17,2,2.1,3.4,3.4,H
1,23,4,18,5,2010-11-26,2,22,2,10,6,4.0,3.4,1.91,A
2,6,8,20,0,2010-11-27,2,19,2,11,6,15.0,6.5,1.18,H
2,8,6,18,2,2010-11-27,1,14,3,12,6,4.75,3.6,1.73,D
5,8,4,13,1,2010-11-27,1,17,4,16,5,8.5,5.0,1.33,H
2,16,5,15,3,2010-11-27,3,16,2,13,5,5.5,3.7,1.62,D
4,17,3,17,3,2010-11-28,3,15,4,18,3,3.5,3.3,2.1,D
2,22,3,12,5,2010-11-28,1,8,7,25,2,1.91,3.4,4.0,H
1,24,3,15,6,2010-12-03,2,18,1,10,7,2.38,3.25,3.0,H
1,20,4,16,5,2010-12-04,2,17,5,16,3,2.0,3.5,3.6,A
2,12,5,14,3,2010-12-04,1,8,6,22,3,3.2,3.4,2.2,H
4,15,2,14,4,2010-12-05,2,18,4,14,4,5.5,3.75,1.62,H
2,20,3,11,5,2010-12-05,3,8,6,19,1,1.91,3.6,3.8,A
2,20,2,12,6,2010-12-05,5,14,2,12,3,1.83,3.6,4.2,A
2,18,4,17,4,2010-12-10,4,15,3,17,3,2.5,3.3,2.75,A
5,11,3,11,2,2010-12-11,2,11,3,11,5,3.5,3.4,2.05,A
2,17,5,18,3,2010-12-11,2,19,3,11,5,11.0,5.5,1.25,H
2,7,8,19,0,2010-12-11,1,21,3,13,6,12.0,5.75,1.22,H
1,9,5,20,4,2010-12-11,1,23,4,16,5,9.5,5.0,1.3,H
3,5,6,16,1,2010-12-11,4,16,3,17,3,4.0,3.4,1.91,D
2,19,0,8,8,2010-12-12,1,21,2,12,7,7.5,4.5,1.4,D
5,8,4,18,1,2010-12-12,2,12,5,12,3,5.25,3.75,1.65,H
1,22,4,15,5,2010-12-17,2,14,4,11,4,2.5,3.25,2.8,H
2,7,8,19,0,2010-12-18,2,18,5,19,3,4.0,3.4,1.91,H
2,21,3,12,5,2010-12-18,4,8,5,20,1,1.57,4.0,5.5,D
5,16,2,16,3,2010-12-18,5,14,2,9,3,3.6,3.3,2.05,H
2,16,2,12,6,2010-12-19,2,18,3,15,5,2.5,3.3,2.75,A
5,8,5,21,0,2010-12-26,2,17,1,7,7,15.0,7.0,1.17,H
1,18,5,16,4,2010-12-26,1,10,4,12,5,2.25,3.25,3.2,H
2,15,4,15,4,2010-12-26,1,21,3,14,6,3.5,3.5,2.0,A
2,7,8,19,0,2010-12-29,2,14,4,13,4,13.0,6.5,1.2,H
2,19,4,18,4,2010-12-29,4,4,6,16,0,3.75,3.5,1.95,D
2,23,0,6,8,2010-12-29,2,15,3,10,5,1.91,3.6,3.8,A
5,14,3,17,2,2010-12-29,5,8,5,26,0,2.5,3.2,2.88,H
2,20,3,11,5,2010-12-30,3,16,0,6,7,2.1,3.5,3.3,D
1,19,3,13,6,2010-12-30,4,15,2,8,4,2.2,3.4,3.2,D
4,14,4,18,2,2011-01-18,3,18,3,15,4,2.8,3.4,2.4,A
4,17,0,8,6,2011-01-18,2,12,4,11,4,3.1,3.3,2.25,D
2,19,3,12,5,2011-01-21,3,12,4,16,3,1.73,3.6,4.75,A
4,9,5,26,1,2011-01-22,1,9,4,11,5,6.5,3.8,1.53,H
3,13,4,16,3,2011-01-22,1,6,9,23,0,2.05,3.4,3.5,D
3,12,3,9,4,2011-01-22,3,18,3,11,4,6.5,4.1,1.5,H
5,15,1,7,4,2011-01-22,5,4,5,15,0,2.63,3.25,2.63,H
1,9,5,19,4,2011-01-22,4,14,4,18,2,4.4,3.4,1.83,H
1,16,5,13,4,2011-01-23,2,23,0,6,8,5.25,3.9,1.62,H
5,16,0,8,5,2011-01-23,2,19,3,15,5,5.0,3.5,1.73,H
3,21,2,12,5,2011-01-28,4,15,2,10,4,2.0,3.6,3.5,A
4,6,5,14,1,2011-01-29,1,21,3,11,6,7.0,4.33,1.44,H
1,11,4,11,5,2011-01-29,3,13,4,12,3,3.8,3.5,1.95,H
2,5,8,21,0,2011-01-29,3,9,6,29,1,4.0,3.4,1.91,H
3,12,4,18,3,2011-01-29,5,15,1,9,4,6.0,3.8,1.57,A
4,17,3,16,3,2011-01-29,1,14,6,14,3,6.0,3.8,1.57,H
2,23,0,5,8,2011-01-30,4,13,3,11,3,1.7,3.75,4.75,D
2,20,2,14,6,2011-01-30,1,8,5,20,4,1.91,3.4,4.0,D
4,5,5,10,1,2011-02-02,2,3,8,19,0,2.38,3.2,2.75,H
3,14,3,10,4,2011-02-02,2,12,4,16,4,2.5,3.1,2.7,A
2,9,4,15,4,2011-02-02,3,21,1,10,6,8.0,4.5,1.33,D
1,11,5,13,4,2011-02-02,5,14,2,11,3,3.75,3.25,1.91,H
2,15,4,13,4,2011-02-02,4,11,3,9,3,3.5,3.2,2.0,H
2,8,6,27,2,2011-02-04,3,18,2,14,5,11.0,5.0,1.29,H
3,7,4,14,3,2011-02-05,2,21,0,3,8,11.0,6.0,1.2,H
3,11,3,8,4,2011-02-05,1,10,6,14,3,4.0,3.3,1.83,A
3,13,3,10,4,2011-02-05,1,5,8,19,1,2.2,3.4,2.9,H
2,11,5,14,3,2011-02-05,4,16,4,17,2,3.25,3.25,2.1,H
0,14,6,13,4,2011-02-06,2,9,5,17,3,1.7,3.5,4.5,A
0,20,3,9,7,2011-02-06,3,21,1,10,6,2.9,3.25,2.25,H
4,15,2,11,4,2011-02-06,3,5,6,12,1,2.75,3.25,2.38,D
1,9,6,13,3,2011-02-12,2,21,0,2,8,10.0,5.0,1.25,H
2,12,4,11,4,2011-02-12,0,18,4,10,6,6.0,4.0,1.53,H
4,6,5,9,1,2011-02-12,1,7,7,29,2,3.2,3.25,2.25,D
1,7,7,17,2,2011-02-12,4,14,2,10,4,7.5,4.2,1.44,D
3,17,4,17,3,2011-02-12,3,7,3,7,4,3.5,3.3,2.1,H
2,6,6,17,2,2011-02-12,2,7,5,16,3,4.0,3.4,1.91,D
3,21,2,15,5,2011-02-13,1,11,6,15,3,2.2,3.3,3.25,A
3,19,1,10,6,2011-02-13,0,14,5,10,5,3.25,3.3,2.2,A
3,9,2,5,5,2011-02-15,2,9,6,29,2,2.7,3.25,2.6,H
3,21,1,13,6,2011-02-16,5,8,4,10,1,2.1,3.3,3.5,D
5,12,2,11,3,2011-02-16,3,17,5,20,2,3.2,3.3,2.2,A
3,8,4,14,3,2011-02-19,2,8,6,17,2,3.25,3.2,2.1,H
5,11,2,11,3,2011-02-19,0,20,3,9,7,5.5,3.6,1.57,H
1,9,6,13,3,2011-02-19,2,6,6,17,2,2.6,3.2,2.5,D
3,8,3,7,4,2011-02-19,3,18,1,9,6,6.0,3.8,1.5,H
1,10,6,13,3,2011-02-19,6,10,3,11,1,2.9,3.2,2.3,H
2,10,5,28,3,2011-02-19,2,10,5,13,3,5.0,3.6,1.62,D
0,13,6,12,4,2011-02-20,3,19,1,11,6,3.8,3.3,1.9,H
2,21,0,2,8,2011-02-20,2,14,6,18,2,1.7,3.4,4.75,H
3,7,3,5,4,2011-02-23,3,8,4,12,3,2.75,3.25,2.38,A
2,8,3,5,5,2011-02-26,0,14,6,14,4,5.0,3.6,1.62,H
2,9,5,10,3,2011-02-27,3,6,5,12,2,2.75,3.25,2.4,A
3,18,0,7,7,2011-03-04,2,17,1,3,7,4.2,3.6,1.8,D
1,15,6,17,3,2011-03-05,2,11,5,10,3,3.75,3.3,2.0,A
2,8,5,14,3,2011-03-05,1,11,6,15,3,3.6,3.25,2.1,H
2,11,5,14,3,2011-03-05,5,10,3,12,2,5.0,3.5,1.73,H
3,21,1,11,6,2011-03-05,2,8,3,7,5,2.5,3.25,2.8,D
5,12,3,11,2,2011-03-05,3,4,6,14,1,3.1,3.2,2.3,H
3,6,5,14,2,2011-03-06,3,11,4,22,3,4.0,3.4,1.91,D
0,21,2,8,8,2011-03-06,0,10,6,14,4,3.4,3.25,2.15,D
1,11,5,14,4,2011-03-12,2,7,5,13,3,1.7,3.6,5.0,A
1,11,6,14,3,2011-03-12,1,19,2,7,7,9.5,4.75,1.33,H
3,16,1,3,6,2011-03-12,4,6,4,10,2,1.53,4.0,6.0,D
1,13,5,13,4,2011-03-12,4,18,0,8,6,8.5,4.75,1.36,A
1,10,6,10,3,2011-03-12,4,19,1,12,5,6.5,4.2,1.5,H
3,8,3,8,4,2011-03-12,5,12,3,11,2,3.2,3.2,2.3,D
4,11,3,20,3,2011-03-12,4,12,3,13,3,5.5,3.75,1.62,D
3,4,6,14,1,2011-03-12,2,11,5,14,3,4.0,3.4,1.91,A
2,9,6,15,2,2011-03-19,1,10,7,17,2,3.5,3.3,2.0,D
4,18,1,11,5,2011-03-20,3,17,1,4,6,4.2,3.6,1.75,H
4,13,1,9,5,2011-03-20,1,9,6,8,3,2.05,3.3,3.3,A
1,22,2,8,7,2011-03-20,4,11,3,20,3,1.85,3.5,3.75,D
5,6,4,11,1,2011-03-20,3,9,3,9,4,5.25,3.75,1.57,H
4,11,3,12,3,2011-03-20,3,6,5,14,2,2.05,3.3,3.3,A
5,12,3,11,2,2011-03-20,1,12,5,14,4,10.0,4.5,1.3,H
2,6,5,13,3,2011-03-20,0,14,5,12,5,6.5,4.0,1.45,D
1,8,7,9,2,2011-03-23,3,8,4,14,3,2.38,3.3,2.9,A
4,12,4,12,2,2011-07-30,3,13,1,8,6,7.0,4.33,1.44,H
1,8,7,9,2,2011-07-30,4,20,1,12,5,6.0,3.8,1.57,A
5,11,2,14,3,2011-07-30,2,12,6,17,2,4.6,3.6,1.75,D
3,9,6,17,1,2011-07-30,3,13,3,12,4,3.3,3.3,2.2,D
3,6,5,13,2,2011-07-30,2,11,3,9,5,5.0,3.8,1.67,H
1,16,4,12,5,2011-07-31,2,22,1,6,7,7.0,4.33,1.44,H
2,12,3,10,5,2011-08-05,3,13,2,8,5,8.0,4.5,1.4,H
3,18,2,11,5,2011-08-06,4,10,5,15,1,2.15,3.4,3.3,D
2,14,1,7,7,2011-08-06,6,10,2,14,2,1.83,3.5,4.33,D
2,25,1,6,7,2011-08-07,2,6,6,14,2,1.57,4.0,5.75,D
4,12,2,10,4,2011-08-07,2,13,3,12,5,6.0,3.8,1.57,H
2,13,6,18,2,2011-08-07,1,15,4,15,5,3.75,3.4,2.0,D
3,9,5,13,2,2011-08-13,3,11,1,5,6,6.5,4.2,1.5,D
2,16,2,11,6,2011-08-13,4,18,2,12,4,3.3,3.5,2.1,H
2,12,4,15,4,2011-08-13,5,12,4,16,1,3.6,3.5,2.0,H
2,8,5,6,3,2011-08-13,3,11,5,15,2,3.25,3.3,2.2,H
3,14,2,9,5,2011-08-14,4,13,2,11,4,1.75,3.75,4.5,A
7,10,1,11,2,2011-08-14,2,12,4,13,4,4.5,3.5,1.8,H
5,15,3,15,2,2011-08-19,7,10,2,13,1,3.3,3.3,2.2,D
4,12,1,7,5,2011-08-20,2,8,5,7,3,2.2,3.3,3.3,H
4,11,3,11,3,2011-08-20,2,10,6,18,2,2.5,3.3,2.8,A
3,20,2,12,5,2011-08-20,2,12,4,16,4,2.1,3.4,3.4,A
3,11,5,14,2,2011-08-21,2,15,3,13,5,6.75,3.8,1.53,H
3,20,1,8,6,2011-08-21,4,11,4,14,2,2.5,3.5,2.63,D
2,12,3,12,5,2011-08-27,3,13,2,9,5,4.75,3.6,1.73,D
8,10,1,10,1,2011-08-27,3,19,2,13,5,8.0,4.75,1.36,H
1,9,7,19,2,2011-08-27,3,12,5,16,2,5.5,4.0,1.57,H
2,11,4,8,4,2011-08-27,2,12,5,18,3,3.2,3.4,2.2,A
3,15,2,11,5,2011-08-28,4,20,1,9,5,3.0,3.4,2.3,D
2,17,3,14,5,2011-08-28,5,15,3,15,2,2.25,3.5,3.0,D
4,12,2,9,4,2011-09-09,1,9,7,22,2,1.91,3.6,3.8,A
5,14,3,14,2,2011-09-10,1,14,4,9,5,4.33,3.5,1.83,H
2,11,4,10,4,2011-09-10,7,8,2,9,1,2.8,3.3,2.5,D
2,12,5,18,3,2011-09-10,3,18,2,13,5,8.5,4.75,1.36,H
3,15,4,14,3,2011-09-11,4,14,2,12,4,9.0,5.0,1.33,H
5,21,0,9,5,2011-09-11,3,12,2,11,5,2.5,3.3,2.75,A
3,19,2,13,5,2011-09-11,5,11,4,16,1,2.6,3.4,2.63,A
8,7,2,9,0,2011-09-17,1,13,4,10,5,4.5,3.75,1.75,D
5,12,4,17,1,2011-09-17,4,13,4,14,2,3.2,3.4,2.2,H
1,12,7,25,2,2011-09-17,2,11,5,17,3,4.8,3.6,1.73,H
3,18,1,9,6,2011-09-18,4,14,2,12,4,3.0,3.5,2.25,H
4,15,2,12,4,2011-09-18,2,20,2,12,6,2.8,3.3,2.5,A
5,21,0,10,5,2011-09-18,3,10,4,10,3,2.0,3.4,3.75,A
2,11,5,17,3,2011-09-24,8,6,2,8,0,3.5,3.4,2.05,D
3,10,4,10,3,2011-09-24,3,13,3,15,4,3.3,3.25,2.2,A
2,16,3,12,5,2011-09-24,1,12,7,24,2,1.67,3.75,5.0,A
3,16,3,12,4,2011-09-24,4,11,5,18,1,3.5,3.3,2.1,H
4,12,4,13,2,2011-09-25,4,16,1,10,5,8.5,5.0,1.33,H
2,13,3,9,5,2011-09-25,3,15,2,12,5,6.0,4.0,1.53,D
1,14,8,28,1,2011-10-01,3,13,2,8,5,7.5,4.6,1.4,D
2,12,4,16,4,2011-10-01,3,13,4,13,3,3.5,3.5,2.0,H
4,11,4,16,2,2011-10-01,3,10,5,17,2,3.4,3.4,2.1,D
3,18,1,11,6,2011-10-02,4,16,2,12,4,2.5,3.4,2.7,A
4,21,0,9,6,2011-10-02,4,14,4,15,2,1.75,3.75,4.5,D
8,5,2,7,0,2011-10-02,3,13,2,10,5,7.5,5.0,1.36,H
4,16,2,11,4,2011-10-15,3,12,4,11,3,2.3,3.4,3.0,H
4,15,1,9,5,2011-10-15,1,11,5,16,4,3.3,3.3,2.2,A
4,14,4,15,2,2011-10-15,2,14,8,29,0,2.5,3.5,2.63,A
7,4,3,8,0,2011-10-15,5,11,3,15,2,5.0,3.5,1.73,A
3,13,2,10,5,2011-10-16,2,18,1,10,7,4.75,3.6,1.75,H
1,24,3,15,6,2011-10-16,5,18,0,9,5,4.2,3.5,1.85,H
2,11,5,17,3,2011-10-22,4,14,1,10,5,6.0,3.75,1.57,H
4,24,2,17,4,2011-10-22,4,16,3,14,3,4.5,3.75,1.73,H
3,13,4,12,3,2011-10-22,1,22,3,14,6,6.5,4.0,1.5,H
1,10,6,18,3,2011-10-22,4,18,3,16,3,3.4,3.4,2.1,D
2,16,8,31,0,2011-10-22,6,6,3,9,1,5.0,3.75,1.67,A
4,20,0,9,6,2011-10-23,2,12,4,10,4,1.91,3.4,4.0,H
4,10,4,15,2,2011-10-23,3,12,3,15,4,6.0,4.0,1.53,H
2,20,1,8,7,2011-10-23,4,8,5,17,1,1.57,3.75,6.0,A
1,25,2,14,7,2011-10-29,3,23,3,18,4,2.3,3.4,3.0,D
4,15,3,13,3,2011-10-29,4,16,1,11,5,4.75,3.6,1.75,A
1,13,4,10,5,2011-10-29,2,14,5,15,3,3.5,3.3,2.1,A
4,9,5,14,1,2011-10-29,2,10,6,19,2,4.0,3.5,1.91,H
5,19,2,15,3,2011-10-29,2,9,6,18,2,2.6,3.4,2.6,H
4,15,1,10,5,2011-10-29,3,10,5,16,2,3.4,3.4,2.1,D
5,5,4,10,1,2011-10-30,2,21,0,7,8,16.0,6.5,1.18,H
2,12,3,14,5,2011-10-30,2,17,7,29,1,1.75,3.75,4.5,D
2,10,5,16,3,2011-11-04,1,24,2,13,7,7.5,4.2,1.44,H
0,17,4,11,6,2011-11-05,3,20,3,17,4,6.0,3.6,1.62,D
3,23,3,18,4,2011-11-05,4,19,3,16,3,3.2,3.4,2.2,H
2,11,5,18,3,2011-11-05,4,5,5,14,1,4.5,3.4,1.83,H
2,15,7,27,1,2011-11-05,4,9,5,16,1,5.0,3.5,1.73,D
2,14,5,16,3,2011-11-05,3,9,6,15,1,3.1,3.25,2.3,A
2,22,0,6,8,2011-11-06,4,15,1,10,5,1.8,3.5,4.5,H
3,17,2,13,5,2011-11-06,3,10,3,14,4,3.0,3.4,2.3,H
3,11,2,12,5,2011-11-18,2,12,5,20,3,1.75,3.6,4.75,A
4,7,4,13,2,2011-11-19,3,19,4,18,3,4.5,3.5,1.8,H
3,10,6,16,1,2011-11-19,3,20,3,17,4,8.0,4.5,1.4,H
1,27,2,14,7,2011-11-19,1,17,4,13,5,2.2,3.5,3.1,A
4,18,3,15,3,2011-11-19,2,18,4,17,4,3.8,3.6,1.91,D
4,7,5,14,1,2011-11-19,2,10,6,21,2,3.5,3.3,2.1,D
3,13,6,23,1,2011-11-20,2,21,1,7,7,16.0,7.0,1.17,H
4,16,0,8,6,2011-11-20,3,17,3,15,4,5.5,3.75,1.62,H
3,9,6,21,1,2011-11-25,3,11,2,12,5,8.5,4.33,1.4,H
3,17,4,18,3,2011-11-26,4,13,1,7,5,4.0,3.4,1.91,D
1,16,4,14,5,2011-11-26,4,18,3,15,3,3.3,3.4,2.15,A
2,17,3,14,5,2011-11-26,3,7,5,14,2,1.75,3.5,4.75,A
2,12,5,21,3,2011-11-26,3,14,6,24,1,4.0,3.5,1.91,H
1,22,1,6,8,2011-11-26,4,7,5,14,1,1.65,3.75,5.25,A
2,19,4,17,4,2011-11-26,3,8,6,16,1,2.8,3.4,2.4,H
3,21,2,14,5,2011-11-27,1,28,2,12,7,3.6,3.5,2.0,H
2,21,3,16,5,2011-12-02,3,17,4,15,3,2.2,3.4,3.2,H
1,13,4,14,5,2011-12-03,5,11,1,7,4,4.2,3.3,1.91,A
2,11,7,24,1,2011-12-03,3,7,5,14,2,3.25,3.2,2.25,D
2,17,5,18,3,2011-12-03,3,16,5,21,2,3.1,3.25,2.3,A
4,18,3,18,3,2011-12-03,4,8,5,14,1,3.8,3.3,2.0,D
1,17,3,13,6,2011-12-03,3,9,5,14,2,1.73,3.5,5.0,A
2,12,6,23,2,2011-12-04,0,24,1,7,9,15.0,8.0,1.14,D
1,29,2,12,7,2011-12-04,2,13,2,13,6,3.6,3.2,2.1,D
1,22,1,7,8,2011-12-09,3,12,6,24,1,1.55,4.2,5.5,H
5,10,2,8,3,2011-12-10,2,19,4,17,4,3.4,3.4,2.1,A
3,8,5,15,2,2011-12-10,2,17,4,15,4,8.0,4.5,1.4,H
3,18,3,13,4,2011-12-10,2,26,2,11,6,9.0,5.0,1.33,A
3,9,5,14,2,2011-12-10,1,15,3,13,6,4.5,3.75,1.73,H
3,12,2,13,5,2011-12-10,4,18,3,18,3,2.25,3.5,3.0,D
5,8,4,12,1,2011-12-10,3,9,6,22,1,2.4,3.3,2.9,D
3,15,5,20,2,2011-12-11,1,16,3,12,6,10.0,6.0,1.25,H
1,14,3,13,6,2011-12-17,2,8,6,19,2,2.7,3.2,2.6,H
3,13,5,20,2,2011-12-17,3,15,5,19,2,2.8,3.4,2.4,D
2,14,5,18,3,2011-12-17,6,10,3,12,1,3.5,3.4,2.05,A
3,17,3,13,4,2011-12-17,3,7,6,15,1,2.25,3.25,3.2,H
5,18,2,17,3,2011-12-18,1,22,2,9,7,10.0,5.0,1.3,H
2,26,2,11,6,2011-12-18,4,12,2,8,4,2.2,3.4,3.2,A
1,15,3,11,6,2011-12-18,4,11,5,22,1,1.57,3.8,6.0,H
2,18,4,15,4,2011-12-18,4,13,1,11,5,4.0,3.4,1.91,D
6,11,4,15,0,2011-12-26,1,14,4,13,5,8.0,4.5,1.4,H
3,12,3,9,4,2011-12-26,2,17,4,14,4,5.0,3.5,1.73,H
2,10,6,16,2,2011-12-26,2,23,2,8,6,12.0,5.5,1.25,H
1,10,6,19,3,2011-12-26,3,16,3,13,4,5.0,3.5,1.73,D
4,13,1,11,5,2011-12-26,1,14,3,14,6,2.4,3.3,2.9,H
4,12,4,15,2,2011-12-26,5,18,3,20,2,5.0,3.75,1.67,D
3,13,5,22,2,2011-12-26,4,13,4,18,2,5.0,3.6,1.7,D
1,22,2,9,7,2011-12-27,2,16,4,18,4,1.67,3.75,5.0,D
1,10,7,18,2,2012-01-14,2,12,4,11,4,5.0,3.75,1.67,H
2,20,2,8,6,2012-01-14,2,10,5,17,3,1.67,3.75,5.0,H
2,14,4,16,4,2012-01-14,5,15,3,19,2,3.6,3.5,2.0,H
5,15,3,17,2,2012-01-14,4,14,4,18,2,2.5,3.3,2.75,D
1,15,3,14,6,2012-01-14,4,10,4,13,2,2.4,3.3,2.9,D
3,15,3,12,4,2012-01-14,4,11,2,13,4,7.5,4.2,1.44,H
0,14,4,12,6,2012-01-15,2,22,2,10,6,5.0,3.5,1.73,H
2,21,3,15,5,2012-01-15,5,10,5,15,0,2.38,3.3,2.9,D
5,8,3,9,2,2012-01-20,3,21,2,13,5,9.0,5.0,1.33,H
4,14,4,18,2,2012-01-21,2,12,5,19,3,5.5,3.8,1.62,D
5,18,2,18,3,2012-01-21,0,12,5,15,5,7.0,4.33,1.44,A
6,10,4,14,0,2012-01-21,2,21,2,8,6,8.0,4.5,1.4,D
2,13,4,11,4,2012-01-21,3,12,4,16,3,3.1,3.3,2.3,H
2,20,2,10,6,2012-01-21,2,14,2,11,6,1.91,3.5,4.0,A
2,10,5,17,3,2012-01-21,6,13,3,17,1,5.0,3.8,1.67,H
4,17,1,9,5,2012-01-22,0,10,8,20,2,1.85,3.5,4.2,D
3,18,2,7,5,2012-01-24,2,19,2,9,6,5.5,4.0,1.57,H
6,14,2,14,2,2012-01-25,0,11,5,14,5,6.0,4.0,1.53,H
2,11,5,15,3,2012-01-25,2,10,5,17,3,2.5,3.25,2.8,D
3,21,2,14,5,2012-01-25,4,17,2,16,4,2.63,3.3,2.63,H
2,12,3,11,5,2012-01-25,5,16,3,18,2,2.3,3.4,3.0,A
1,9,7,18,2,2012-01-25,5,7,4,11,1,3.4,3.4,2.1,A
2,14,4,14,4,2012-01-25,7,10,3,13,0,3.75,3.4,2.0,H
3,14,4,19,3,2012-01-26,5,16,1,9,4,7.0,4.33,1.44,H
5,13,4,18,1,2012-01-28,3,18,3,13,4,9.0,5.0,1.33,H
4,6,5,13,1,2012-01-28,2,18,3,9,5,8.0,5.25,1.29,H
2,18,2,10,6,2012-01-28,2,12,4,12,4,1.62,3.75,5.5,D
6,10,3,12,1,2012-01-28,2,10,3,10,5,3.75,3.3,2.0,D
4,19,2,18,4,2012-01-28,6,13,2,13,2,3.4,3.4,2.1,H
3,12,4,15,3,2012-01-28,1,12,6,17,3,3.5,3.3,2.1,A
0,10,4,9,6,2012-01-29,2,14,5,20,3,2.0,3.5,3.5,A
4,17,1,9,5,2012-01-29,2,12,5,16,3,2.4,3.25,2.9,A
4,16,1,8,5,2012-02-04,3,11,4,14,3,1.83,3.5,4.33,A
2,14,5,20,3,2012-02-04,6,12,2,13,2,4.0,3.5,1.91,H
2,8,3,8,5,2012-02-04,4,19,2,15,4,3.75,3.4,2.0,D
2,18,3,7,5,2012-02-04,5,12,4,20,1,1.53,4.0,6.0,A
2,11,6,17,2,2012-02-04,3,6,6,19,1,2.4,3.3,2.9,A
1,10,6,15,3,2012-02-04,6,10,3,12,1,5.0,3.75,1.67,H
2,21,3,11,5,2012-02-05,3,18,1,9,6,7.0,4.33,1.44,H
3,10,4,12,3,2012-02-05,0,11,3,7,7,8.5,4.33,1.4,H
4,18,2,14,4,2012-02-11,2,12,5,16,3,3.4,3.4,2.1,H
5,14,2,13,3,2012-02-11,2,20,4,15,4,6.0,3.6,1.6,A
3,5,6,17,1,2012-02-11,2,10,5,16,3,6.0,3.75,1.57,H
2,13,6,22,2,2012-02-11,3,8,2,4,5,4.0,3.4,1.91,D
5,12,3,12,2,2012-02-11,3,10,4,14,3,2.5,3.25,2.8,H
5,13,4,20,1,2012-02-11,1,11,6,15,3,4.0,3.4,1.91,A
0,15,3,8,7,2012-02-12,2,17,3,9,5,4.0,3.4,1.91,A
3,19,1,10,6,2012-02-12,4,15,1,7,5,2.25,3.25,3.2,A
2,20,4,14,4,2012-02-18,3,14,5,22,2,2.3,3.4,3.0,A
2,16,4,12,4,2012-02-18,4,14,2,12,4,2.1,3.4,3.4,D
2,13,4,17,4,2012-02-18,4,16,2,12,4,4.33,3.5,1.83,H
1,12,5,15,4,2012-02-18,5,15,3,19,2,2.3,3.4,3.0,A
3,12,3,14,4,2012-02-18,3,5,7,19,0,3.1,3.4,2.25,D
1,10,7,17,2,2012-02-19,3,18,1,9,6,17.0,8.5,1.13,H
4,9,2,6,4,2012-02-19,0,17,3,9,7,8.5,4.33,1.4,H
4,13,2,7,4,2012-02-19,5,11,3,11,2,2.5,3.3,2.8,H
4,14,3,12,3,2012-02-25,1,14,4,15,5,2.9,3.25,2.4,H
3,12,6,22,1,2012-02-25,2,17,4,13,4,8.0,4.33,1.4,H
4,17,4,22,2,2012-02-25,2,12,5,19,3,5.5,3.8,1.62,H
4,14,2,12,4,2012-02-25,4,8,3,7,3,3.75,3.4,2.0,A
3,16,2,11,5,2012-02-25,1,11,7,19,2,2.5,3.3,2.75,A
0,18,3,10,7,2012-02-26,2,22,3,13,5,3.2,3.4,2.2,H
2,21,1,10,7,2012-02-26,3,11,3,13,4,1.5,4.33,6.0,D
4,4,6,17,0,2012-02-26,3,15,3,11,4,11.0,5.0,1.29,D
2,13,5,20,3,2012-03-03,3,12,6,22,1,3.2,3.4,2.2,H
2,21,3,13,5,2012-03-03,4,9,4,12,2,2.5,3.4,2.7,H
1,12,7,21,2,2012-03-03,3,18,2,13,5,7.5,4.2,1.44,H
2,19,3,12,5,2012-03-03,3,17,2,11,5,2.5,3.4,2.7,A
4,11,2,9,4,2012-03-03,3,16,5,22,2,3.2,3.4,2.2,D
3,12,4,11,3,2012-03-03,5,4,5,16,0,2.1,3.4,3.4,H
1,13,4,15,5,2012-03-04,3,20,0,8,7,10.0,5.25,1.29,H
3,14,3,10,4,2012-03-04,0,17,4,13,6,4.2,3.6,1.83,H
0,17,3,10,7,2012-03-18,1,13,4,18,5,1.85,3.5,4.2,A
4,12,3,12,3,2012-03-18,2,20,3,12,5,7.0,4.33,1.44,H
3,20,1,10,6,2012-03-18,2,14,5,21,3,2.6,3.2,2.75,D
3,13,6,22,1,2012-03-18,5,9,2,9,3,3.5,3.3,2.1,D
3,21,0,6,7,2012-03-18,4,5,5,16,1,1.33,4.75,9.5,D
4,13,5,21,1,2012-03-18,2,14,4,11,4,10.0,6.0,1.25,H
2,17,3,13,5,2012-03-18,3,10,4,9,3,3.5,3.3,2.1,H
1,23,4,16,5,2012-03-18,1,9,8,24,1,1.67,3.8,5.0,H
3,12,3,8,4,2012-03-21,3,22,0,7,7,9.5,6.5,1.2,H
1,11,7,23,2,2012-03-21,3,13,6,22,1,3.75,3.5,1.83,H
5,10,2,10,3,2012-03-21,0,18,3,11,7,9.0,5.0,1.29,H
2,20,3,12,5,2012-03-21,1,21,5,17,4,2.63,3.2,2.5,H
2,16,5,23,3,2012-03-21,4,11,4,15,2,3.6,3.4,1.91,H
1,12,4,16,5,2012-03-21,3,22,1,12,6,3.0,3.25,2.2,H
2,18,3,9,5,2012-03-21,1,15,4,13,5,2.5,3.2,2.63,A
4,7,5,18,1,2012-03-21,3,11,6,23,1,2.88,3.3,2.25,H
2,13,6,23,2,2012-07-28,3,14,5,19,2,4.33,3.6,1.8,H
2,22,1,11,7,2012-07-28,2,15,5,19,3,3.0,3.25,2.38,A
3,21,0,8,7,2012-07-28,3,13,4,15,3,1.65,3.75,5.25,D
3,8,4,12,3,2012-07-28,1,12,5,14,4,7.0,4.0,1.5,H
1,9,5,16,4,2012-07-29,0,23,5,17,5,5.0,3.75,1.67,D
5,8,3,10,2,2012-07-29,2,20,3,13,5,11.0,5.0,1.3,H
2,12,4,9,4,2012-07-29,2,14,3,9,5,5.0,3.8,1.65,A
1,14,4,10,5,2012-08-03,5,8,3,10,2,1.73,3.5,5.0,D
2,13,6,23,2,2012-08-04,4,21,0,9,6,12.0,5.5,1.25,H
4,14,3,15,3,2012-08-04,2,12,4,15,4,4.0,3.5,1.91,A
0,22,1,8,9,2012-08-04,2,10,5,16,3,1.57,4.0,5.5,A
2,17,5,19,3,2012-08-04,2,24,1,13,7,4.0,3.6,1.85,D
1,24,5,19,4,2012-08-05,1,13,7,26,2,1.91,3.6,3.8,D
1,22,3,13,6,2012-08-05,1,13,4,9,5,2.5,3.4,2.7,H
5,6,3,8,2,2012-08-11,3,18,4,19,3,5.5,3.8,1.62,D
1,15,4,10,5,2012-08-11,2,13,6,23,2,2.38,3.4,2.88,D
2,10,5,16,3,2012-08-11,4,14,3,16,3,5.5,4.0,1.57,A
0,20,1,8,9,2012-08-11,2,12,5,14,3,2.4,3.3,2.88,D
4,19,0,8,6,2012-08-12,1,11,5,15,4,1.95,3.6,3.6,A
3,26,0,12,7,2012-08-12,2,24,4,18,4,4.33,3.8,1.75,H
2,15,6,26,2,2012-08-12,1,22,3,13,6,8.5,5.0,1.33,D
4,19,3,18,3,2012-08-18,3,22,0,8,7,9.5,5.5,1.29,H
2,14,6,24,2,2012-08-18,1,21,1,11,8,8.5,4.75,1.36,H
2,20,4,18,4,2012-08-18,6,5,3,9,1,2.0,3.5,3.6,D
3,13,4,14,3,2012-08-18,3,23,1,11,6,3.75,3.5,1.95,H
1,11,5,17,4,2012-08-18,3,16,5,22,2,2.6,3.4,2.6,H
3,14,4,17,3,2012-08-18,1,16,4,11,5,3.75,3.4,2.0,H
2,14,4,10,4,2012-08-19,2,9,5,16,3,1.83,3.75,4.0,A
1,19,1,11,8,2012-08-25,4,19,3,17,3,2.05,3.4,3.5,A
7,6,2,8,1,2012-08-25,1,12,6,20,3,4.75,3.25,1.83,A
1,15,4,10,5,2012-08-25,3,19,3,15,4,5.0,3.5,1.73,H
2,9,6,22,2,2012-08-25,2,14,6,22,2,4.33,3.5,1.83,H
3,20,0,7,7,2012-08-25,3,17,4,21,3,1.62,3.75,5.5,D
2,14,5,16,3,2012-08-25,2,18,4,12,4,6.5,3.8,1.53,H
3,22,1,11,6,2012-08-26,2,16,3,12,5,5.25,3.75,1.65,H
2,17,2,10,6,2012-09-01,1,8,7,23,2,1.8,3.6,4.33,D
4,15,4,21,2,2012-09-01,7,7,2,7,1,4.33,3.6,1.8,D
2,13,6,20,2,2012-09-01,2,16,5,18,3,4.33,3.6,1.8,A
3,18,4,18,3,2012-09-01,1,14,4,10,5,4.5,3.75,1.75,A
3,21,2,14,5,2012-09-02,4,19,0,7,6,6.5,3.8,1.53,D
2,20,3,12,5,2012-09-02,1,19,1,11,8,4.2,3.6,1.83,H
1,14,5,18,4,2012-09-02,3,22,2,13,5,4.0,3.5,1.91,A
1,21,1,12,8,2012-09-14,1,14,4,16,5,2.1,3.4,3.4,D
2,8,7,24,1,2012-09-15,3,21,3,18,4,5.75,4.0,1.57,A
2,21,3,13,5,2012-09-15,1,8,8,23,1,2.8,3.4,2.4,A
2,14,6,19,2,2012-09-15,2,17,2,10,6,8.0,4.5,1.4,A
5,18,0,8,5,2012-09-15,7,7,2,7,1,1.67,3.8,5.0,D
1,12,5,12,4,2012-09-15,5,14,3,19,2,2.4,3.4,2.8,A
2,20,3,12,5,2012-09-16,2,14,5,18,3,2.2,3.4,3.2,H
2,15,3,12,5,2012-09-21,1,22,4,15,5,4.0,3.75,1.83,A
2,13,3,12,5,2012-09-22,2,15,5,19,3,3.4,3.4,2.1,H
5,13,3,18,2,2012-09-22,2,17,3,11,5,5.75,4.0,1.57,D
3,23,3,19,4,2012-09-22,2,13,6,18,2,4.2,3.6,1.83,H
5,19,0,9,5,2012-09-22,1,13,4,11,5,1.95,3.5,3.75,A
5,19,2,16,3,2012-09-23,2,11,6,23,2,1.91,3.6,3.75,A
1,7,9,24,0,2012-09-23,2,22,0,10,8,7.0,4.75,1.4,H
3,15,3,13,4,2012-09-29,5,18,0,11,5,8.0,4.5,1.4,H
2,15,4,16,4,2012-09-29,3,19,4,20,3,3.75,3.5,1.95,H
2,12,6,23,2,2012-09-29,1,7,9,24,0,3.75,3.6,1.91,H
2,16,5,16,3,2012-09-29,5,19,1,14,4,5.0,4.1,1.62,H
1,15,4,13,5,2012-09-29,7,9,2,9,1,3.0,3.2,2.38,A
2,25,0,10,8,2012-09-30,2,15,3,13,5,3.0,3.4,2.3,D
1,23,4,16,5,2012-09-30,2,11,4,12,4,2.5,3.3,2.8,H
3,14,3,14,4,2012-10-05,1,13,5,15,4,2.2,3.4,3.2,D
5,20,2,18,3,2012-10-06,1,10,7,22,2,3.4,3.4,2.1,A
6,9,3,12,1,2012-10-06,2,13,4,14,4,5.5,3.6,1.67,D
2,12,3,10,5,2012-10-06,2,17,5,16,3,3.4,3.4,2.1,A
1,7,8,22,1,2012-10-06,1,17,4,14,5,4.6,3.6,1.75,H
5,19,0,12,5,2012-10-07,3,25,0,11,7,4.75,3.6,1.73,D
4,19,0,9,6,2012-10-07,1,20,5,18,4,2.25,3.4,3.1,H
4,11,5,19,1,2012-10-19,4,18,1,10,5,13.0,6.0,1.22,H
2,16,5,16,3,2012-10-20,1,8,8,24,1,3.1,3.3,2.3,A
2,15,4,15,4,2012-10-20,6,17,0,12,4,6.5,4.0,1.5,H
2,12,3,10,5,2012-10-20,4,15,2,13,4,6.0,4.0,1.53,A
1,10,7,23,2,2012-10-20,7,11,2,13,1,4.2,3.5,1.85,A
4,25,0,12,6,2012-10-20,5,21,2,17,3,1.73,3.6,4.75,H
3,14,4,16,3,2012-10-20,1,19,3,13,6,3.8,3.4,1.95,A
1,20,5,18,4,2012-10-21,3,19,4,20,3,2.38,3.3,2.9,H
0,6,9,23,1,2012-10-26,1,21,5,20,4,7.0,4.33,1.44,H
3,19,1,9,6,2012-10-27,1,9,6,19,3,1.44,4.33,7.0,H
3,17,4,19,3,2012-10-27,4,13,3,14,3,5.5,4.33,1.53,H
5,23,1,13,4,2012-10-27,2,13,4,14,4,4.0,3.8,1.8,A
7,11,2,12,1,2012-10-27,2,14,5,15,3,4.33,3.6,1.8,H
1,18,4,16,5,2012-10-27,4,10,5,18,1,2.25,3.4,3.1,A
3,13,4,14,3,2012-10-28,4,23,1,15,5,5.5,4.33,1.53,A
5,17,0,9,5,2012-10-28,1,12,3,9,6,2.75,3.5,2.4,D
4,14,2,11,4,2012-10-30,3,18,2,11,5,5.25,4.2,1.57,H
2,11,3,9,5,2012-10-31,2,15,5,19,3,3.4,3.5,2.05,H
2,14,4,16,4,2012-10-31,0,6,9,23,1,3.2,3.4,2.2,H
0,23,5,21,5,2012-10-31,5,16,0,8,5,4.0,3.6,1.85,A
4,24,2,18,4,2012-10-31,6,11,3,15,1,1.73,3.75,4.5,H
3,10,6,20,1,2012-10-31,2,14,4,14,4,6.0,4.0,1.53,H
1,17,5,15,4,2012-10-31,4,24,1,12,5,2.9,3.5,2.3,H
1,11,5,18,4,2012-10-31,1,17,4,15,5,5.5,3.5,1.67,H
0,9,8,21,2,2012-11-03,1,15,5,18,4,3.8,3.6,1.91,H
2,16,3,13,5,2012-11-03,1,11,6,22,3,2.2,3.4,3.2,A
5,15,1,10,4,2012-11-03,3,13,3,15,4,3.25,3.5,2.1,A
3,9,6,19,1,2012-11-03,1,14,5,18,4,4.75,4.0,1.67,A
5,13,3,16,2,2012-11-03,2,11,3,9,5,4.5,3.75,1.73,H
3,20,2,11,5,2012-11-03,0,15,6,15,4,1.6,4.0,5.25,A
0,20,4,15,6,2012-11-04,3,23,3,18,4,4.75,3.75,1.7,A
3,26,1,12,6,2012-11-04,0,22,5,20,5,5.5,4.0,1.57,H
0,18,5,18,5,2012-11-09,2,16,3,12,5,2.55,3.4,2.63,H
3,12,4,17,3,2012-11-10,0,9,8,21,2,2.1,3.6,3.2,D
1,14,5,17,4,2012-11-10,4,13,4,19,2,3.1,3.3,2.3,A
2,15,2,8,6,2012-11-10,3,23,2,12,5,2.7,3.4,2.5,D
1,9,6,18,3,2012-11-10,3,11,5,18,2,3.3,3.5,2.1,D
0,15,6,17,4,2012-11-10,0,19,4,15,6,4.5,3.75,1.73,D
3,20,4,18,3,2012-11-11,3,22,2,11,5,5.5,4.1,1.57,H
1,17,4,18,5,2012-11-11,4,16,1,10,5,5.0,4.1,1.62,H
4,19,1,11,5,2012-11-17,1,11,7,20,2,2.1,3.5,3.25,H
1,14,5,15,4,2012-11-17,2,9,5,16,3,2.3,3.5,2.88,D
4,12,4,18,2,2012-11-17,4,11,5,22,1,2.0,3.5,3.6,H
1,17,4,20,5,2012-11-17,3,22,2,11,5,3.25,3.5,2.1,A
3,18,5,23,2,2012-11-17,4,10,4,16,2,1.6,4.2,5.0,A
3,13,2,7,5,2012-11-18,2,27,2,11,6,11.0,5.0,1.29,H
1,15,5,18,4,2012-11-18,2,17,2,11,6,5.0,4.0,1.62,H
0,16,6,18,4,2012-11-18,1,20,3,14,6,2.8,3.5,2.38,D
3,12,5,21,2,2012-11-23,1,14,5,14,4,8.0,4.75,1.36,H
2,18,1,10,7,2012-11-24,1,16,4,19,5,2.7,3.4,2.5,A
2,18,2,10,6,2012-11-24,3,11,5,19,2,3.75,3.5,1.95,A
1,26,2,9,7,2012-11-24,1,13,6,19,3,1.57,4.0,5.5,A
1,14,6,19,3,2012-11-24,3,12,3,8,4,4.0,3.5,1.91,H
4,10,5,22,1,2012-11-24,2,15,4,14,4,5.0,4.33,1.57,A
2,9,5,16,3,2012-11-25,3,20,5,23,2,8.5,4.75,1.36,H
2,22,3,13,5,2012-11-25,3,18,2,12,5,5.5,4.1,1.57,D
1,15,6,21,3,2012-12-01,0,29,2,9,8,8.5,6.0,1.29,H
2,14,3,8,5,2012-12-01,2,6,6,15,2,2.2,3.6,3.0,H
2,13,5,15,3,2012-12-01,2,20,5,22,3,7.0,3.75,1.53,D
1,15,4,18,5,2012-12-01,2,11,6,23,2,2.9,3.25,2.4,A
3,11,5,18,2,2012-12-01,3,23,2,13,5,2.05,3.5,3.4,D
1,11,7,21,2,2012-12-01,2,18,2,10,6,6.5,3.8,1.55,D
3,18,2,12,5,2012-12-02,2,19,1,11,7,3.0,3.4,2.3,A
1,15,4,11,5,2012-12-02,3,10,5,21,2,1.73,3.75,4.5,A
2,7,5,13,3,2012-12-07,1,16,3,9,6,9.0,5.5,1.3,H
0,28,2,8,8,2012-12-08,1,18,3,15,6,1.62,4.2,4.75,A
3,22,2,12,5,2012-12-08,1,16,6,19,3,3.6,3.5,2.0,D
2,9,6,22,2,2012-12-08,4,10,5,18,1,7.5,4.75,1.4,A
3,16,1,7,6,2012-12-08,2,13,3,8,5,2.9,3.3,2.4,A
1,20,2,13,7,2012-12-08,3,11,5,16,2,2.8,3.4,2.4,H
1,10,7,25,2,2012-12-09,3,20,2,14,5,8.5,4.75,1.36,H
3,17,5,23,2,2012-12-09,2,9,7,20,1,1.8,3.75,4.2,A
2,10,7,26,1,2012-12-15,2,8,5,18,3,2.88,3.4,2.38,H
1,17,4,20,5,2012-12-15,2,22,5,22,3,6.5,4.5,1.44,H
2,16,6,20,2,2012-12-15,1,10,7,25,2,2.63,3.3,2.6,D
3,8,6,18,1,2012-12-15,1,21,2,12,7,3.1,3.25,2.3,D
1,21,2,8,7,2012-12-15,3,12,4,15,3,2.2,3.6,3.0,A
2,12,4,9,4,2012-12-15,2,9,5,17,3,2.3,3.4,3.0,H
4,18,2,11,4,2012-12-16,0,30,2,8,8,13.0,6.0,1.22,H
3,22,2,14,5,2012-12-16,3,14,1,7,6,2.8,3.4,2.4,H
1,21,2,12,7,2012-12-21,2,10,5,10,3,3.0,3.5,2.25,A
3,14,1,8,6,2012-12-22,0,15,5,20,5,2.63,3.4,2.55,D
1,8,5,15,4,2012-12-22,3,16,5,18,2,4.33,3.6,1.8,D
2,9,4,14,4,2012-12-22,3,8,6,18,1,7.5,4.5,1.4,A
3,12,4,15,3,2012-12-22,1,8,8,25,1,2.63,3.3,2.63,A
1,9,7,24,2,2012-12-22,4,15,3,13,3,3.75,3.6,1.91,D
0,31,1,7,9,2012-12-23,2,23,3,16,5,2.05,3.6,3.4,A
1,23,5,21,4,2012-12-23,1,21,2,7,7,3.3,3.5,2.1,A
1,13,5,20,4,2012-12-26,2,10,4,15,4,2.75,3.3,2.5,A
2,11,6,13,2,2012-12-26,1,25,4,18,5,6.0,4.0,1.53,D
4,17,4,18,2,2012-12-26,1,21,2,14,7,4.5,3.75,1.73,H
3,9,6,19,1,2012-12-26,3,12,4,14,3,2.7,3.4,2.5,H
2,22,4,20,4,2012-12-26,2,10,4,15,4,1.85,3.6,4.0,D
5,13,3,14,2,2012-12-26,4,15,0,6,6,5.5,4.0,1.57,H
2,11,6,25,2,2012-12-27,0,33,1,9,9,15.0,7.0,1.17,H
1,8,8,24,1,2012-12-27,1,21,2,7,7,12.0,5.5,1.25,H
3,10,4,14,3,2013-01-19,1,15,4,19,5,3.1,3.3,2.3,A
2,9,5,17,3,2013-01-19,2,22,4,20,4,7.5,5.0,1.36,H
1,22,2,6,7,2013-01-19,3,7,7,20,0,2.5,3.25,2.8,D
1,7,8,24,1,2013-01-19,2,10,6,12,2,4.75,3.5,1.75,H
3,11,3,14,4,2013-01-19,2,12,6,26,2,3.75,3.4,2.0,D
1,21,2,12,7,2013-01-19,5,11,4,15,1,2.5,3.25,2.8,A
2,14,5,11,3,2013-01-25,2,20,2,6,6,6.0,3.75,1.57,H
1,16,5,22,4,2013-01-26,1,6,8,25,1,2.6,3.25,2.7,D
0,37,0,8,10,2013-01-26,1,25,2,14,7,1.75,3.75,4.5,A
2,25,3,19,5,2013-01-26,3,12,3,13,4,2.63,3.3,2.63,H
5,10,5,20,0,2013-01-26,4,11,2,12,4,3.0,3.4,2.3,H
3,9,6,24,1,2013-01-26,4,15,0,7,6,6.0,4.0,1.53,H
4,7,6,15,0,2013-01-27,2,23,3,15,5,4.5,3.75,1.73,D
4,11,2,11,4,2013-02-02,2,13,5,20,3,4.2,3.75,1.8,H
4,13,0,6,6,2013-02-02,4,16,4,19,2,2.4,3.3,2.9,A
2,5,7,23,1,2013-02-02,5,6,5,13,0,7.0,4.33,1.44,H
3,13,2,10,5,2013-02-02,2,10,6,12,2,3.6,3.5,2.0,H
1,23,3,16,6,2013-02-02,3,8,6,22,1,2.25,3.4,3.1,D
2,9,5,16,3,2013-02-02,5,10,5,20,0,3.8,3.6,1.91,H
2,20,2,6,6,2013-02-03,0,34,0,8,10,5.5,3.8,1.62,D
3,21,2,12,5,2013-02-03,2,24,4,20,4,3.1,3.5,2.2,H
4,8,5,20,1,2013-02-09,2,9,5,15,3,3.1,3.25,2.3,H
4,11,5,20,1,2013-02-09,3,22,2,15,5,6.5,5.0,1.4,H
2,23,4,20,4,2013-02-09,2,3,8,24,0,1.91,3.5,3.9,A
4,6,5,12,1,2013-02-09,1,12,6,13,3,2.63,3.3,2.6,H
4,14,0,7,6,2013-02-09,2,22,3,16,5,3.1,3.4,2.25,D
4,14,5,20,1,2013-02-09,2,13,3,11,5,4.0,3.75,1.83,H
2,15,4,15,4,2013-02-10,3,21,1,6,6,7.0,4.5,1.44,A
1,32,0,9,9,2013-02-10,3,11,3,14,4,1.53,4.2,5.75,A
1,10,5,15,4,2013-02-15,1,28,0,9,9,13.0,6.5,1.2,H
4,6,5,11,1,2013-02-16,2,13,4,14,4,2.7,3.4,2.5,A
2,21,2,7,6,2013-02-16,4,12,5,19,1,1.91,3.6,3.8,A
1,14,3,10,6,2013-02-16,4,6,6,21,0,2.6,3.3,2.7,A
2,3,8,25,0,2013-02-16,4,11,5,20,1,3.3,3.5,2.1,D
3,10,3,10,4,2013-02-16,4,14,0,7,6,7.0,4.0,1.5,H
1,13,5,12,4,2013-02-17,2,24,3,17,5,4.75,3.75,1.7,H
3,24,1,10,6,2013-02-17,3,22,3,17,4,2.5,3.5,2.6,D
3,10,6,18,1,2013-02-20,0,9,6,16,4,2.7,3.4,2.5,H
3,8,7,19,0,2013-02-23,4,8,4,10,2,5.0,4.33,1.57,H
4,6,6,20,0,2013-02-23,3,3,7,22,0,3.4,3.5,2.1,A
2,12,4,14,4,2013-02-23,1,10,6,13,3,4.0,3.4,1.91,A
4,11,5,20,1,2013-02-23,1,16,2,9,7,5.25,3.6,1.67,A
4,21,3,17,3,2013-02-23,3,9,4,12,3,2.1,3.5,3.3,D
1,29,0,9,9,2013-02-24,4,19,1,9,5,2.25,3.4,3.1,D
1,25,3,16,6,2013-02-24,2,19,2,7,6,3.75,3.6,1.91,D
3,16,0,7,7,2013-02-27,2,27,0,10,8,7.5,4.2,1.44,A
5,20,1,11,4,2013-02-28,3,7,7,18,0,1.62,4.1,5.0,A
3,16,0,7,7,2013-03-03,0,11,5,16,5,1.83,3.5,4.33,A
0,16,3,10,7,2013-03-09,2,25,1,10,7,9.5,5.25,1.3,H
2,10,4,14,4,2013-03-09,3,6,7,19,0,2.63,3.3,2.63,A
3,9,4,9,3,2013-03-09,2,21,3,13,5,4.33,3.4,1.85,H
1,10,6,12,3,2013-03-09,4,9,5,18,1,2.8,3.3,2.5,H
0,9,6,17,4,2013-03-09,5,18,2,13,3,6.0,4.0,1.53,D
3,17,2,7,5,2013-03-09,3,12,5,20,2,1.91,3.5,4.0,A
2,4,8,25,0,2013-03-09,4,9,3,10,3,3.25,3.4,2.15,H
4,22,1,10,5,2013-03-09,2,17,0,7,8,2.9,3.3,2.4,A
2,20,3,14,5,2013-03-16,2,13,3,10,5,2.38,3.4,2.88,A
4,10,3,12,3,2013-03-16,1,9,5,12,4,3.3,3.5,2.1,H
4,9,4,14,2,2013-03-16,4,17,1,10,5,9.0,5.5,1.3,H
2,21,1,10,7,2013-03-16,3,11,4,10,3,1.91,3.6,3.8,D
2,6,8,21,0,2013-03-16,2,5,8,21,0,3.2,3.4,2.2,H
2,11,6,23,2,2013-03-16,1,9,6,11,3,3.8,3.6,1.91,D
2,16,1,8,7,2013-03-16,0,14,4,10,6,2.55,3.4,2.63,A
6,18,1,12,3,2013-03-16,3,15,2,6,5,4.33,3.6,1.8,A
1,11,5,12,4,2013-07-26,4,18,1,10,5,9.0,5.0,1.33,H
1,6,9,23,0,2013-07-27,2,14,3,13,5,4.2,3.6,1.83,D
3,10,5,21,2,2013-07-27,2,9,5,10,3,3.8,3.6,1.91,H
2,16,1,8,7,2013-07-27,3,8,5,16,2,2.3,3.4,3.0,A
3,10,4,9,3,2013-07-27,4,9,4,15,2,1.83,3.6,4.2,D
5,18,1,10,4,2013-07-28,3,20,1,10,6,7.5,5.0,1.36,A
3,13,3,8,4,2013-07-28,0,16,4,11,6,2.3,3.3,3.1,A
3,18,2,11,5,2013-08-02,1,5,9,22,0,1.73,3.75,4.5,A
4,8,4,14,2,2013-08-03,1,9,6,13,3,3.6,3.3,2.05,D
2,14,3,13,5,2013-08-03,5,18,1,10,4,5.5,3.4,1.7,H
2,24,1,8,7,2013-08-03,2,8,6,20,2,1.75,3.5,4.75,A
2,8,4,7,4,2013-08-03,1,17,1,8,8,4.0,3.5,1.91,H
0,14,5,13,5,2013-08-04,4,10,3,8,3,7.0,4.33,1.45,H
2,7,6,16,2,2013-08-04,3,14,2,5,5,9.0,4.5,1.36,H
5,17,1,11,4,2013-08-09,1,8,5,8,4,2.63,3.3,2.6,D
2,9,5,12,3,2013-08-10,2,13,4,14,4,4.33,3.4,1.83,A
1,5,9,23,0,2013-08-10,2,6,6,15,2,3.0,3.4,2.3,D
0,14,6,15,4,2013-08-10,4,8,4,14,2,2.5,3.4,2.7,D
4,12,2,8,4,2013-08-11,3,18,2,10,5,5.5,4.33,1.53,H
1,16,1,7,8,2013-08-11,3,19,1,10,6,4.5,3.75,1.75,D
3,14,2,5,5,2013-08-11,1,27,1,8,8,3.1,3.4,2.25,A
2,7,5,11,3,2013-08-17,2,10,4,10,4,2.75,3.3,2.5,A
2,7,6,16,2,2013-08-17,3,13,3,12,4,7.5,4.5,1.4,H
1,24,2,9,7,2013-08-17,6,14,1,12,3,2.6,3.4,2.6,H
3,20,1,11,6,2013-08-17,1,11,6,13,3,2.3,3.5,2.9,A
2,12,4,13,4,2013-08-17,2,15,1,8,7,5.0,4.0,1.62,H
3,7,5,17,2,2013-08-18,2,16,2,5,6,9.5,5.5,1.29,H
3,20,2,11,5,2013-08-18,4,8,4,14,2,1.44,4.5,6.5,A
1,10,7,14,2,2013-08-24,2,9,4,10,4,3.75,3.6,1.91,A
4,6,5,17,1,2013-08-24,2,8,6,16,2,3.1,3.25,2.3,H
6,17,0,11,4,2013-08-24,3,7,5,16,2,1.8,3.5,4.5,H
2,11,4,11,4,2013-08-25,2,21,2,9,6,12.0,6.0,1.22,H
2,15,2,5,6,2013-08-25,1,12,5,15,4,1.8,3.6,4.33,A
2,15,3,13,5,2013-08-25,3,21,0,8,7,3.3,3.5,2.1,D
2,7,7,20,1,2013-08-25,1,24,2,10,7,7.0,4.75,1.4,H
3,8,5,17,2,2013-08-31,2,7,7,20,1,3.75,3.5,1.95,D
1,9,6,17,3,2013-08-31,3,14,3,13,4,7.0,4.33,1.44,H
1,8,6,15,3,2013-08-31,1,11,6,13,3,6.0,3.75,1.57,D
1,21,2,9,7,2013-09-01,2,12,5,16,3,1.75,3.75,4.5,D
2,8,5,11,3,2013-09-01,1,15,2,3,7,8.5,4.75,1.36,H
4,19,0,8,6,2013-09-01,4,6,5,15,1,1.75,3.75,4.5,A
2,24,2,10,6,2013-09-01,2,15,1,7,7,1.8,3.5,4.5,H
2,9,6,13,2,2013-09-14,2,25,3,14,5,8.5,4.6,1.36,H
4,6,5,15,1,2013-09-14,1,8,7,18,2,3.75,3.4,2.0,D
2,8,5,14,3,2013-09-14,3,20,0,8,7,8.5,5.0,1.33,H
3,15,2,12,5,2013-09-14,2,7,6,13,2,2.1,3.4,3.4,H
3,7,6,19,1,2013-09-14,4,17,1,11,5,6.0,4.0,1.53,H
3,13,4,15,3,2013-09-14,4,8,4,15,2,3.6,3.5,2.0,D
2,17,1,10,7,2013-09-15,2,20,2,10,6,4.2,3.75,1.8,H
3,7,6,20,1,2013-09-21,4,11,4,14,2,3.0,3.4,2.3,H
2,10,5,11,3,2013-09-21,2,9,5,16,3,2.3,3.25,3.1,H
2,9,6,17,2,2013-09-21,2,7,7,18,1,4.5,3.6,1.75,H
1,28,3,12,6,2013-09-22,2,22,0,7,8,2.25,3.4,3.1,H
3,19,1,10,6,2013-09-22,1,20,1,4,8,5.25,4.0,1.6,H
2,23,2,12,6,2013-09-22,5,7,4,14,1,1.57,4.0,5.5,D
4,7,4,14,2,2013-09-22,2,18,2,15,6,7.0,4.0,1.5,H
2,23,0,7,8,2013-09-28,2,10,7,21,1,1.57,4.0,5.75,A
2,10,6,18,2,2013-09-28,2,23,2,12,6,7.0,4.0,1.5,H
5,7,4,14,1,2013-09-28,2,10,5,12,3,5.5,3.8,1.62,H
2,21,2,17,6,2013-09-28,2,20,2,12,6,3.3,3.6,2.05,A
4,12,3,16,3,2013-09-28,4,7,5,17,1,1.95,3.6,3.6,D
2,8,5,15,3,2013-09-29,1,28,3,15,6,15.0,6.5,1.18,H
0,22,1,5,9,2013-09-29,3,7,6,19,1,1.5,3.9,7.0,A
1,21,3,15,6,2013-10-05,3,12,4,13,3,2.05,3.4,3.5,H
5,8,4,14,1,2013-10-05,2,22,0,6,8,10.0,5.0,1.3,H
2,7,8,21,0,2013-10-05,2,7,6,17,2,3.4,3.4,2.1,H
3,6,6,21,1,2013-10-05,2,10,6,18,2,5.75,4.0,1.57,A
2,12,4,12,4,2013-10-06,1,29,3,15,6,9.5,5.5,1.29,A
2,21,2,10,6,2013-10-06,5,11,2,14,3,2.9,3.3,2.4,A
0,23,1,5,9,2013-10-06,2,24,1,17,7,2.2,3.4,3.2,H
0,28,4,15,6,2013-10-18,2,7,8,18,0,1.53,4.33,5.5,A
2,22,1,15,7,2013-10-19,3,7,5,19,2,1.91,3.6,3.75,D
2,9,5,15,3,2013-10-19,2,18,2,10,6,10.0,4.6,1.33,H
4,11,3,15,3,2013-10-19,1,20,4,17,5,3.0,3.4,2.3,D
2,9,6,17,2,2013-10-19,3,7,6,17,1,2.8,3.3,2.5,A
5,7,4,11,1,2013-10-19,4,8,5,15,1,3.8,3.5,1.95,H
2,20,0,6,8,2013-10-20,1,13,4,12,5,2.2,3.4,3.2,H
3,11,4,14,3,2013-10-20,0,23,1,4,9,13.0,5.75,1.22,D
3,7,5,19,2,2013-10-25,4,12,3,16,3,8.0,4.75,1.36,D
1,16,4,13,5,2013-10-26,1,6,9,19,0,2.0,3.5,3.6,A
3,7,6,17,1,2013-10-26,2,8,5,17,3,3.75,3.4,2.0,A
4,12,4,16,2,2013-10-26,2,12,5,15,3,5.5,3.75,1.62,H
2,19,4,17,4,2013-10-26,4,8,5,14,1,2.0,3.4,3.75,A
1,23,1,6,8,2013-10-27,0,28,3,12,7,3.6,3.5,2.0,D
2,19,2,10,6,2013-10-27,2,19,1,10,7,3.25,3.3,2.2,A
4,13,3,14,3,2013-10-27,3,21,1,15,6,7.0,4.0,1.5,D
2,15,4,15,4,2013-10-30,4,13,3,14,3,2.3,3.4,3.0,D
1,17,3,12,6,2013-10-30,2,17,2,9,6,6.0,4.0,1.53,H
2,8,5,16,3,2013-10-30,2,19,4,16,4,7.5,4.2,1.44,H
1,25,3,13,6,2013-10-30,3,8,5,15,2,1.5,4.33,6.0,A
1,5,9,18,0,2013-10-30,4,13,4,16,2,4.0,3.4,1.91,D
5,11,3,16,2,2013-10-30,4,21,1,16,5,3.75,3.4,2.0,H
2,17,2,11,6,2013-10-31,4,8,4,16,2,1.53,4.0,6.0,H
3,7,6,15,1,2013-10-31,2,21,1,7,7,13.0,6.5,1.2,D
4,14,4,17,2,2013-11-02,1,24,3,12,6,11.0,6.5,1.22,H
2,18,1,7,7,2013-11-02,2,6,8,18,0,1.57,3.75,6.0,A
2,7,6,17,2,2013-11-02,0,14,4,10,6,6.0,4.0,1.53,H
5,13,3,15,2,2013-11-02,1,7,6,16,3,2.88,3.4,2.38,H
3,23,1,17,6,2013-11-02,2,17,4,17,4,2.4,3.4,2.8,D
1,17,4,13,5,2013-11-03,1,16,3,12,6,4.0,3.4,1.91,H
3,21,1,9,6,2013-11-03,5,12,3,15,2,2.05,3.4,3.5,A
3,9,4,15,3,2013-11-03,3,9,6,17,1,3.1,3.4,2.25,A
3,18,3,17,4,2013-11-08,1,14,5,13,4,4.2,3.6,1.83,H
0,14,4,9,6,2013-11-09,3,8,4,15,3,2.5,3.25,2.8,H
5,10,4,15,1,2013-11-09,5,13,3,15,2,2.2,3.3,3.3,A
2,8,8,19,0,2013-11-09,2,7,6,17,2,3.4,3.4,2.1,H
1,8,5,15,4,2013-11-09,4,15,4,19,2,3.2,3.3,2.25,H
1,24,3,13,6,2013-11-10,2,20,0,6,8,2.63,3.4,2.55,A
1,15,3,11,6,2013-11-10,3,21,1,9,6,4.5,3.8,1.73,D
3,9,6,15,1,2013-11-10,4,23,1,19,5,6.5,4.5,1.44,H
1,7,6,17,3,2013-11-23,3,11,3,15,4,4.0,3.4,1.91,A
1,20,3,11,6,2013-11-23,5,11,3,11,2,1.53,4.0,6.0,H
3,9,6,16,1,2013-11-23,4,10,4,14,2,8.0,4.5,1.4,H
2,19,1,7,7,2013-11-23,1,8,6,16,3,1.62,4.0,5.25,H
0,14,4,10,6,2013-11-23,4,15,4,18,2,2.4,3.4,2.8,D
3,16,4,20,3,2013-11-23,3,24,1,18,6,4.75,4.0,1.67,H
1,14,3,10,6,2013-11-24,1,17,4,11,5,3.0,3.2,2.38,A
2,8,8,19,0,2013-11-24,4,19,1,9,5,13.0,6.0,1.22,H
1,16,5,14,4,2013-11-30,2,8,8,19,0,2.1,3.3,3.5,H
1,12,5,15,4,2013-11-30,1,15,3,9,6,6.5,5.0,1.4,H
4,11,4,14,2,2013-11-30,2,17,5,23,3,2.88,3.3,2.4,A
4,12,3,11,3,2013-11-30,3,8,6,16,1,3.0,3.4,2.3,D
2,12,4,18,4,2013-12-01,1,18,3,9,6,11.0,7.0,1.2,H
4,15,4,18,2,2013-12-01,1,18,2,10,7,9.0,5.0,1.33,H
3,23,1,16,6,2013-12-01,1,15,3,9,6,2.75,3.5,2.4,D
4,18,1,9,5,2013-12-01,0,11,6,19,4,1.5,4.0,7.0,A
3,7,6,15,1,2013-12-07,1,15,3,10,6,13.0,6.5,1.2,H
4,22,0,12,6,2013-12-07,1,8,8,18,1,1.91,3.4,4.0,D
2,17,5,19,3,2013-12-07,1,13,3,8,6,6.0,4.0,1.53,H
4,12,3,11,3,2013-12-07,2,13,3,10,5,5.0,3.6,1.7,D
4,12,3,11,3,2013-12-07,0,10,6,20,4,1.91,3.6,3.75,A
2,13,4,17,4,2013-12-07,1,10,5,13,4,3.75,3.4,2.0,H
1,13,6,15,3,2013-12-08,1,16,2,8,7,5.0,3.8,1.67,A
4,19,1,7,5,2013-12-08,3,15,5,21,2,1.5,4.33,6.0,D
2,7,7,15,1,2013-12-14,2,13,4,17,4,3.4,3.4,2.1,H
3,14,2,9,5,2013-12-14,1,14,5,13,4,4.75,3.6,1.73,D
2,7,7,17,1,2013-12-14,2,13,6,20,2,5.5,3.75,1.62,D
0,11,5,12,5,2013-12-14,4,13,4,17,2,3.4,3.4,2.1,A
1,12,3,8,6,2013-12-15,5,11,3,12,2,1.83,3.5,4.33,D
1,17,2,6,7,2013-12-15,3,14,3,11,4,2.25,3.4,3.1,A
0,16,3,10,7,2013-12-15,5,17,1,6,4,5.0,3.6,1.7,H
0,9,7,23,3,2013-12-15,5,19,0,11,5,8.5,4.75,1.36,H
0,16,4,13,6,2013-12-21,2,15,3,13,5,1.91,3.4,4.0,H
2,8,7,16,1,2013-12-21,6,13,2,13,2,3.75,3.5,1.95,A
3,13,5,18,2,2013-12-21,2,12,4,9,4,8.0,4.5,1.4,H
4,12,2,8,4,2013-12-21,3,13,5,19,2,3.4,3.4,2.1,H
0,9,7,24,3,2013-12-21,3,6,6,15,1,3.1,3.4,2.2,H
0,12,5,13,5,2013-12-21,5,18,0,9,5,7.0,4.33,1.44,D
2,13,3,10,5,2013-12-22,2,14,4,12,4,3.0,3.4,2.3,A
1,17,2,7,7,2013-12-22,5,15,1,7,4,3.25,3.5,2.1,D
6,19,0,11,4,2013-12-26,2,18,1,7,7,5.0,3.8,1.65,H
2,14,4,13,4,2013-12-26,2,9,6,14,2,2.15,3.4,3.3,H
3,7,6,16,1,2013-12-26,2,15,3,11,5,9.0,5.5,1.25,A
6,11,3,14,1,2013-12-26,0,14,5,13,5,7.5,4.2,1.44,A
3,17,4,19,3,2013-12-26,0,8,8,26,2,2.5,3.3,2.75,H
2,13,3,7,5,2013-12-26,1,14,4,13,5,2.1,3.4,3.4,A
2,14,3,12,5,2013-12-26,3,13,5,19,2,2.9,3.5,2.3,H
6,16,0,7,4,2013-12-27,4,13,3,13,3,1.91,3.5,3.5,A
1,14,3,5,6,2014-01-18,1,13,4,14,5,2.05,3.4,3.5,A
3,12,5,17,2,2014-01-18,5,12,3,12,2,3.75,3.4,2.0,H
4,10,4,17,2,2014-01-18,1,12,5,12,4,5.0,3.75,1.67,A
2,15,3,9,5,2014-01-18,0,11,7,22,3,1.57,4.0,5.5,D
1,14,4,13,5,2014-01-18,5,19,0,6,5,11.0,5.75,1.25,H
2,10,5,12,3,2014-01-18,3,7,5,13,2,2.9,3.3,2.38,H
2,17,1,7,7,2014-01-19,3,14,5,22,2,1.75,3.75,4.5,H
0,10,6,16,4,2014-01-19,5,18,1,11,4,2.8,3.4,2.4,H
4,20,0,5,6,2014-01-24,1,15,3,5,6,2.3,3.4,3.0,A
3,12,5,21,2,2014-01-25,2,11,5,15,3,2.6,3.3,2.63,A
4,13,3,11,3,2014-01-25,0,12,5,16,5,3.25,3.25,2.25,H
1,12,6,21,3,2014-01-25,4,10,4,17,2,4.33,3.6,1.8,A
3,11,4,12,3,2014-01-25,1,12,5,15,4,3.75,3.4,2.0,H
4,18,1,10,5,2014-01-25,3,10,5,15,2,2.0,3.5,3.6,H
3,16,2,8,5,2014-01-26,1,17,2,8,7,5.5,4.0,1.57,H
0,11,6,12,4,2014-01-26,0,8,7,17,3,4.0,3.4,1.91,A
1,16,2,8,7,2014-01-31,1,16,5,23,4,1.44,4.33,7.0,H
1,14,4,13,5,2014-02-01,3,11,4,12,3,3.4,3.4,2.1,A
1,9,6,15,3,2014-02-01,3,16,2,8,5,8.5,4.33,1.4,H
2,9,5,13,3,2014-02-01,0,11,5,10,5,7.0,4.33,1.44,H
0,8,8,19,2,2014-02-01,2,12,5,19,3,2.5,3.3,2.75,A
0,13,5,16,5,2014-02-01,3,19,0,3,7,23.0,5.75,1.18,H
4,13,4,20,2,2014-02-01,2,10,5,12,3,2.8,3.25,2.5,D
1,14,4,6,5,2014-02-02,4,15,2,9,4,3.3,3.4,2.15,D
1,16,5,22,4,2014-02-08,1,8,6,14,3,3.3,3.3,2.2,A
3,11,4,12,3,2014-02-08,0,12,6,20,4,3.4,3.5,2.05,D
1,13,3,9,6,2014-02-08,5,12,4,21,1,1.67,3.75,5.0,D
3,10,4,11,3,2014-02-08,2,15,3,6,5,7.5,4.5,1.4,H
0,13,4,9,6,2014-02-08,1,15,3,11,6,2.4,3.2,3.0,D
1,10,6,19,3,2014-02-08,2,8,5,12,3,2.7,3.4,2.5,D
3,17,2,9,5,2014-02-09,0,7,8,17,2,3.3,3.3,2.2,A
4,14,2,8,4,2014-02-09,3,22,0,3,7,7.0,4.0,1.5,H
6,13,3,20,1,2014-02-14,2,20,2,10,6,6.0,4.0,1.53,H
2,24,0,3,8,2014-02-15,3,11,4,13,3,1.44,4.33,7.0,A
0,8,8,19,2,2014-02-15,1,21,4,21,5,2.25,3.4,3.1,A
2,13,3,11,5,2014-02-15,2,10,5,15,3,4.33,3.4,1.85,D
3,6,5,12,2,2014-02-15,4,11,3,10,3,3.5,3.25,2.1,H
1,9,6,19,3,2014-02-15,4,12,3,10,3,6.5,3.8,1.53,H
1,9,6,17,3,2014-02-16,2,14,3,11,5,13.0,6.5,1.2,H
2,14,3,7,5,2014-02-16,1,12,4,9,5,3.2,3.25,2.25,D
2,15,2,9,6,2014-02-21,3,15,2,5,5,2.3,3.3,3.1,H
3,10,4,13,3,2014-02-22,1,8,6,17,3,2.5,3.3,2.75,H
4,11,3,10,3,2014-02-22,3,9,5,13,2,2.2,3.4,3.2,H
1,9,6,18,3,2014-02-22,5,13,4,22,1,4.5,3.75,1.73,A
1,17,5,20,4,2014-02-22,3,10,3,12,4,3.5,3.3,2.1,H
4,12,2,8,4,2014-02-23,0,9,7,15,3,7.0,4.33,1.44,A
2,20,2,11,6,2014-02-23,2,5,6,12,2,1.75,3.6,4.75,A
2,11,4,10,4,2014-02-23,2,24,0,3,8,7.0,4.33,1.44,A
3,17,1,5,6,2014-02-28,3,12,4,15,3,2.2,3.5,3.1,H
3,13,2,12,5,2014-03-01,1,10,6,19,3,3.0,3.2,2.38,H
2,12,5,15,3,2014-03-01,2,13,4,12,4,7.0,4.0,1.5,H
1,10,5,17,4,2014-03-01,4,13,5,23,1,4.0,3.75,1.83,H
2,7,6,14,2,2014-03-01,1,19,5,18,4,3.5,3.4,2.05,D
3,12,4,12,3,2014-03-01,3,14,2,8,5,2.1,3.4,3.4,D
0,6,8,17,2,2014-03-02,2,14,3,10,5,6.0,3.8,1.57,H
2,21,1,6,7,2014-03-02,2,23,2,13,6,2.9,3.3,2.4,H
2,12,4,12,4,2014-03-08,1,10,5,19,4,2.05,3.4,3.5,A
2,18,4,15,4,2014-03-08,1,12,6,16,3,3.4,3.4,2.1,D
0,12,6,18,4,2014-03-08,0,6,8,17,2,6.0,3.8,1.57,H
4,16,1,8,5,2014-03-08,3,15,2,6,5,7.0,4.0,1.5,D
3,16,5,22,2,2014-03-08,3,11,3,15,4,3.0,3.25,2.38,D
2,14,3,10,5,2014-03-08,2,7,6,14,2,1.53,3.8,6.5,H
3,13,3,12,4,2014-03-08,1,21,2,7,7,9.0,5.0,1.33,H
2,21,2,13,6,2014-03-08,3,13,4,13,3,2.3,3.5,2.88,D
4,9,3,14,3,2014-03-16,2,12,4,10,4,12.0,5.5,1.25,H
2,7,5,12,3,2014-03-16,0,12,6,19,4,2.8,3.4,2.4,H
1,9,6,22,3,2014-03-16,2,20,2,12,6,9.5,5.5,1.29,H
4,11,4,14,2,2014-03-16,2,15,3,11,5,3.75,3.4,2.0,A
0,8,7,15,3,2014-03-16,3,16,5,22,2,2.7,3.25,2.6,D
3,15,2,6,5,2014-03-16,3,19,3,13,4,2.0,3.4,3.75,A
1,11,6,15,3,2014-03-16,2,13,4,14,4,4.75,3.6,1.75,A
1,20,2,6,7,2014-03-16,4,16,1,8,5,1.53,3.75,7.0,D
1,14,5,13,4,2014-07-25,1,20,2,6,7,8.5,4.75,1.36,H
2,14,3,9,5,2014-07-26,1,8,7,24,2,2.0,3.5,3.6,D
3,7,4,16,3,2014-07-26,3,19,3,12,4,3.0,3.2,2.4,H
2,19,2,11,6,2014-07-26,5,14,1,8,4,1.83,3.6,4.2,A
3,15,2,7,5,2014-07-26,1,11,7,22,2,2.3,3.4,3.0,H
1,10,6,16,3,2014-07-27,2,8,5,15,3,2.63,3.25,2.63,H
4,16,4,19,2,2014-07-27,3,10,4,12,3,3.8,3.6,1.91,H
1,17,4,10,5,2014-08-01,3,7,4,15,3,1.73,4.0,4.2,A
0,12,7,22,3,2014-08-02,1,11,6,16,3,3.2,3.3,2.25,A
2,8,6,21,2,2014-08-02,1,11,6,16,3,5.5,4.33,1.53,D
1,18,2,5,7,2014-08-02,4,15,4,16,2,2.25,3.4,3.1,A
3,18,3,12,4,2014-08-03,2,20,1,9,7,10.0,6.0,1.25,H
2,11,4,13,4,2014-08-03,3,14,2,8,5,4.5,3.75,1.73,H
3,12,3,11,4,2014-08-03,3,12,3,8,4,3.4,3.4,2.1,H
3,11,3,9,4,2014-08-08,2,12,5,16,3,2.88,3.4,2.38,D
3,7,4,15,3,2014-08-09,3,9,5,19,2,3.2,3.4,2.2,A
4,16,5,19,1,2014-08-09,2,10,5,15,3,3.25,3.5,2.1,A
0,12,7,24,3,2014-08-09,5,8,3,9,2,2.63,3.3,2.63,D
1,11,7,19,2,2014-08-10,1,18,3,8,6,10.0,5.5,1.29,H
3,17,1,8,6,2014-08-10,1,19,2,7,7,4.0,3.6,1.85,A
1,20,1,8,8,2014-08-10,3,12,4,13,3,2.2,3.5,3.1,D
3,6,6,20,1,2014-08-15,2,21,0,7,8,9.5,5.5,1.29,D
6,8,2,8,2,2014-08-16,1,11,7,17,2,4.33,3.6,1.8,D
3,11,4,14,3,2014-08-16,4,15,4,16,2,3.1,3.25,2.3,D
3,15,4,11,3,2014-08-16,4,11,2,8,4,8.5,4.33,1.4,H
2,9,6,17,2,2014-08-16,3,6,4,14,3,2.8,3.5,2.4,H
4,13,3,13,3,2014-08-17,3,16,1,7,6,4.5,3.75,1.73,H
1,17,3,8,6,2014-08-17,1,13,6,23,3,1.83,3.6,4.2,D
3,17,1,8,6,2014-08-22,4,10,4,15,2,2.5,3.4,2.7,H
3,7,4,14,3,2014-08-23,4,15,4,16,2,3.3,3.5,2.1,A
2,13,6,18,2,2014-08-23,3,13,5,13,2,2.75,3.3,2.5,A
2,14,5,22,3,2014-08-23,1,16,4,13,5,4.5,3.75,1.73,D
6,9,2,9,2,2014-08-24,2,19,2,8,6,13.0,7.0,1.18,H
3,12,2,7,5,2014-08-24,4,7,5,17,1,2.15,3.4,3.3,H
3,20,0,7,7,2014-08-24,2,9,6,17,2,1.91,3.5,4.0,H
3,13,5,16,2,2014-08-29,2,19,2,11,6,6.0,4.0,1.53,A
4,12,3,14,3,2014-08-30,2,9,4,14,4,2.75,3.5,2.4,D
3,8,6,14,1,2014-08-30,5,9,3,10,2,3.6,3.3,2.05,H
4,14,3,14,3,2014-08-30,3,15,4,21,3,2.88,3.2,2.5,D
1,12,6,18,3,2014-08-31,2,14,5,15,3,2.75,3.5,2.4,H
1,18,2,6,7,2014-08-31,3,18,1,9,6,3.0,3.5,2.25,D
2,16,4,15,4,2014-08-31,3,9,3,7,4,2.8,3.3,2.5,D
2,16,4,14,4,2014-09-13,3,7,5,19,2,2.7,3.25,2.6,H
2,18,2,8,6,2014-09-13,3,8,6,15,1,1.44,4.33,7.0,D
4,16,3,20,3,2014-09-13,0,11,7,19,3,3.6,3.4,2.05,H
2,9,4,14,4,2014-09-13,3,16,4,16,3,5.5,3.75,1.62,A
5,10,3,10,2,2014-09-13,5,14,3,15,2,7.0,3.75,1.53,A
4,17,1,10,5,2014-09-14,5,12,3,15,2,2.15,3.5,3.2,D
3,9,3,7,4,2014-09-14,3,13,4,13,3,2.6,3.4,2.6,A
5,13,3,16,2,2014-09-19,2,13,5,13,3,2.88,3.4,2.38,H
3,5,5,17,2,2014-09-20,3,19,1,8,6,13.0,7.5,1.17,H
1,16,3,9,6,2014-09-20,2,11,4,15,4,2.38,3.25,3.0,A
4,8,5,14,1,2014-09-20,4,17,3,22,3,5.0,3.5,1.73,H
3,14,4,14,3,2014-09-21,5,13,1,9,4,10.0,4.0,1.4,H
0,14,6,18,4,2014-09-21,3,10,3,8,4,4.2,3.5,1.85,H
3,17,4,18,3,2014-09-21,5,12,3,11,2,1.8,3.6,4.33,A
4,23,2,19,4,2014-09-27,3,7,5,16,2,2.6,3.4,2.6,A
2,14,4,12,4,2014-09-27,6,15,1,13,3,4.0,3.8,1.8,D
4,10,4,11,2,2014-09-27,0,15,7,21,3,4.75,3.5,1.75,H
3,20,1,10,6,2014-09-27,4,12,4,16,2,1.91,3.6,3.75,A
3,13,2,9,5,2014-09-28,1,17,3,9,6,4.2,3.5,1.85,D
5,17,1,9,4,2014-09-28,2,12,4,15,4,2.0,3.5,3.6,D
3,9,6,20,1,2014-09-28,3,19,3,17,4,11.0,5.0,1.29,D
2,14,3,9,5,2014-10-03,4,22,2,18,4,2.3,3.4,3.0,D
2,13,5,19,3,2014-10-04,2,14,4,12,4,3.5,3.4,2.05,A
3,11,5,17,2,2014-10-04,3,10,6,21,1,2.1,3.4,3.4,H
3,7,5,14,2,2014-10-04,3,10,5,13,2,3.75,3.4,2.0,H
7,13,1,13,2,2014-10-05,3,22,0,9,7,5.5,4.0,1.57,D
4,19,3,19,3,2014-10-05,5,18,1,10,4,4.2,3.3,1.91,H
2,14,4,17,4,2014-10-05,3,14,2,10,5,4.5,3.5,1.8,H
3,12,5,20,2,2014-10-18,3,7,5,13,2,3.3,3.6,2.05,A
2,11,5,14,3,2014-10-18,3,14,2,8,5,5.5,3.8,1.62,D
2,10,5,12,3,2014-10-18,1,13,5,17,4,4.5,3.5,1.8,H
4,18,0,9,6,2014-10-18,1,18,5,17,4,2.0,3.5,3.6,D
3,16,4,15,3,2014-10-18,2,15,4,16,4,4.2,3.7,1.8,D
5,21,1,16,4,2014-10-19,7,11,1,11,2,4.2,3.75,1.8,H
5,19,1,10,4,2014-10-19,3,15,2,10,5,2.5,3.4,2.7,A
3,11,6,20,1,2014-10-19,3,18,4,21,3,5.5,3.8,1.62,A
2,16,5,17,3,2014-10-24,3,12,5,21,2,2.6,3.25,2.7,A
3,15,3,14,4,2014-10-25,3,13,4,13,3,3.3,3.4,2.15,H
7,13,0,9,3,2014-10-25,2,11,5,12,3,2.1,3.4,3.4,A
2,8,6,15,2,2014-10-25,3,11,6,21,1,5.0,3.75,1.67,A
1,15,4,16,5,2014-10-25,5,21,2,19,3,3.4,3.4,2.1,H
3,16,5,23,2,2014-10-26,5,16,0,9,5,5.5,3.9,1.57,A
3,16,2,10,5,2014-10-26,5,20,1,11,4,4.2,3.75,1.8,D
3,16,2,12,5,2014-10-26,4,15,3,12,3,2.15,3.4,3.3,D
3,12,5,21,2,2014-10-28,6,13,0,8,4,6.0,4.33,1.5,H
3,11,6,21,1,2014-10-28,2,16,4,14,4,3.5,3.6,2.0,D
3,15,5,21,2,2014-10-29,1,9,6,15,3,1.85,3.6,4.0,A
2,11,5,12,3,2014-10-29,4,15,2,11,4,7.5,4.5,1.4,H
5,14,1,11,4,2014-10-29,1,14,4,15,5,1.83,3.6,4.2,A
3,13,3,10,4,2014-10-29,4,16,2,13,4,5.25,3.75,1.65,H
5,20,2,18,3,2014-10-29,3,15,3,14,4,3.75,3.6,1.91,H
6,21,1,13,3,2014-10-30,5,16,3,14,2,1.73,3.75,4.5,A
5,16,0,8,5,2014-10-31,3,11,6,21,1,2.8,3.4,2.4,H
3,21,2,15,5,2014-11-01,5,16,1,13,4,5.25,4.0,1.62,D
1,14,5,17,4,2014-11-01,1,9,6,15,3,2.15,3.5,3.2,A
3,16,3,13,4,2014-11-01,3,16,4,20,3,5.5,3.8,1.62,H
3,18,3,14,4,2014-11-01,1,11,6,15,3,2.25,3.3,3.2,H
5,24,1,13,4,2014-11-02,3,15,3,14,4,1.73,3.6,4.75,D
4,18,2,12,4,2014-11-02,2,10,6,22,2,1.73,3.6,4.75,A
4,15,4,16,2,2014-11-02,4,19,3,21,3,4.33,3.75,1.75,A
3,12,5,18,2,2014-11-07,3,16,4,15,3,2.9,3.3,2.38,A
2,10,6,21,2,2014-11-08,0,17,5,16,5,5.0,3.8,1.67,H
0,8,7,18,3,2014-11-08,3,16,3,13,4,7.0,4.33,1.44,D
3,13,3,12,4,2014-11-08,4,13,4,15,2,2.88,3.4,2.38,A
3,18,4,22,3,2014-11-09,5,23,1,12,4,11.0,5.75,1.25,H
3,16,3,15,4,2014-11-09,4,15,1,9,5,2.75,3.3,2.5,A
5,15,1,12,4,2014-11-09,4,16,2,11,4,2.63,3.3,2.6,A
0,10,6,13,4,2014-11-09,4,20,2,16,4,9.0,4.5,1.36,H
5,16,1,12,4,2014-11-22,3,13,3,12,4,1.8,3.75,4.2,H
0,10,6,15,4,2014-11-22,5,27,0,9,5,15.0,7.0,1.17,H
1,8,7,19,2,2014-11-22,4,14,2,10,4,10.0,5.5,1.29,H
2,16,5,25,3,2014-11-22,4,23,1,15,5,8.0,5.25,1.33,D
2,10,6,20,2,2014-11-22,3,12,5,16,2,3.75,3.5,1.95,H
4,14,3,13,3,2014-11-23,4,12,2,9,4,3.75,3.4,2.0,H
2,14,5,18,3,2014-11-23,0,18,4,14,6,3.0,3.5,2.25,H
2,16,3,13,5,2014-11-23,3,15,5,18,2,2.0,3.4,3.75,H
4,18,1,9,5,2014-11-28,1,13,6,19,3,2.5,3.4,2.7,H
3,14,2,8,5,2014-11-29,1,8,7,19,2,1.91,3.4,4.0,A
2,17,5,19,3,2014-11-29,4,14,3,14,3,4.0,3.4,1.91,D
3,10,5,17,2,2014-11-29,0,10,7,19,3,3.3,3.3,2.2,H
3,14,3,13,4,2014-11-29,2,14,5,23,3,2.63,3.3,2.6,A
4,29,0,9,6,2014-11-30,4,15,2,13,4,3.1,3.3,2.3,D
4,22,1,14,5,2014-11-30,2,11,6,20,2,1.85,3.6,4.0,D
0,20,4,15,6,2014-11-30,1,17,4,15,5,5.5,4.0,1.57,A
0,8,7,19,3,2014-12-05,2,14,5,21,3,3.1,3.4,2.25,A
5,9,3,12,2,2014-12-06,0,20,3,12,7,3.75,3.4,2.0,H
1,7,8,20,1,2014-12-06,5,20,1,13,4,7.0,4.33,1.45,D
4,15,2,13,4,2014-12-06,3,11,5,18,2,1.73,3.6,4.75,H
2,10,6,19,2,2014-12-06,3,12,5,16,2,4.5,3.75,1.75,H
1,14,4,12,5,2014-12-07,3,17,2,14,5,2.5,3.4,2.7,A
1,14,5,16,4,2014-12-07,4,30,0,10,6,7.0,4.33,1.44,H
2,14,2,7,6,2014-12-07,4,18,2,11,4,4.2,3.6,1.83,D
5,15,2,10,3,2014-12-12,5,7,3,12,2,2.38,3.4,2.88,D
3,14,4,18,3,2014-12-13,2,5,7,17,1,2.63,3.4,2.6,H
0,23,2,7,8,2014-12-13,3,12,2,6,5,3.4,3.4,2.1,H
2,9,6,22,2,2014-12-13,2,10,6,15,2,3.25,3.5,2.1,D
3,15,3,14,4,2014-12-13,0,10,6,18,4,2.6,3.25,2.7,A
3,13,4,14,3,2014-12-14,4,14,3,15,3,8.0,4.75,1.36,H
4,27,0,11,6,2014-12-14,1,13,4,12,5,2.55,3.5,2.6,A
6,17,1,11,3,2014-12-14,1,14,5,16,4,2.7,3.4,2.5,H
2,11,6,16,2,2014-12-20,2,17,3,14,5,5.0,3.75,1.67,H
1,15,4,14,5,2014-12-20,3,15,4,17,3,2.8,3.5,2.38,A
2,6,6,16,2,2014-12-20,2,11,5,15,3,5.5,3.75,1.62,H
4,15,3,15,3,2014-12-20,0,11,6,19,4,1.57,4.0,5.5,A
6,5,3,12,1,2014-12-20,3,10,6,24,1,2.5,3.3,2.75,D
2,14,2,5,6,2014-12-21,3,28,0,10,7,7.5,4.5,1.4,H
0,12,5,13,5,2014-12-21,5,14,2,9,3,3.75,3.4,2.0,A
0,20,3,10,7,2014-12-21,5,16,2,11,3,4.2,3.5,1.83,A
3,11,6,25,1,2014-12-26,3,17,3,15,4,13.0,6.5,1.2,H
4,15,3,11,3,2014-12-26,0,20,3,11,7,2.63,3.3,2.63,A
3,29,0,11,7,2014-12-26,2,8,7,21,1,1.4,4.5,8.0,A
2,14,5,17,3,2014-12-26,6,5,3,12,1,3.8,3.8,1.85,H
2,23,2,12,6,2014-12-26,1,15,3,11,6,3.2,3.4,2.2,A
0,10,7,21,3,2014-12-27,2,6,6,17,2,3.2,3.25,2.25,H
5,14,3,12,2,2014-12-27,0,14,4,11,6,3.6,3.5,2.0,H
5,5,3,11,2,2015-01-16,3,32,0,10,7,7.5,4.5,1.4,D
2,6,5,15,3,2015-01-17,1,24,2,11,7,5.75,4.0,1.55,A
3,16,3,11,4,2015-01-17,1,14,6,18,3,1.83,3.6,4.2,A
0,20,4,13,6,2015-01-17,2,12,4,12,4,2.63,3.3,2.63,A
1,14,4,13,5,2015-01-17,0,9,7,20,3,2.38,3.4,2.88,A
2,6,8,26,0,2015-01-18,2,20,3,14,5,11.0,7.0,1.2,H
1,15,3,9,6,2015-01-18,5,13,3,11,2,4.0,3.3,1.95,D
0,15,3,9,7,2015-01-18,3,10,6,26,1,1.75,3.6,4.75,D
0,13,7,19,3,2015-01-23,2,13,3,9,5,6.0,3.8,1.57,H
1,22,3,13,6,2015-01-24,0,26,3,12,7,3.75,3.5,1.95,D
0,10,7,22,3,2015-01-24,2,6,8,28,0,3.5,3.4,2.05,D
5,12,3,10,2,2015-01-24,6,5,3,12,1,2.8,3.3,2.5,A
4,9,6,26,0,2015-01-24,1,16,3,12,6,5.25,3.9,1.62,A
3,31,0,9,7,2015-01-25,2,6,5,14,3,1.36,4.75,8.0,A
1,13,5,19,4,2015-01-25,2,17,3,10,5,8.0,4.5,1.4,H
2,23,2,12,6,2015-01-25,1,14,3,10,6,2.5,3.5,2.63,H
1,14,5,20,4,2015-01-30,3,30,0,8,7,15.0,6.5,1.18,H
2,14,3,9,5,2015-01-31,2,20,2,8,6,2.8,3.4,2.4,H
1,24,2,9,7,2015-01-31,0,12,7,17,3,2.05,3.4,3.5,A
5,4,4,12,1,2015-01-31,1,10,6,19,3,2.3,3.4,3.0,D
2,6,5,16,3,2015-01-31,4,12,5,23,1,4.0,3.4,1.91,H
0,16,4,14,6,2015-02-01,2,20,3,12,5,7.0,4.33,1.44,D
1,15,3,10,6,2015-02-01,3,7,7,26,0,1.67,3.75,5.0,A
2,16,3,10,5,2015-02-01,5,8,3,8,2,2.8,3.3,2.45,D
1,10,6,22,3,2015-02-03,2,11,4,10,4,5.5,3.8,1.62,D
0,9,8,19,2,2015-02-06,1,16,3,12,6,7.5,5.5,1.33,H
4,12,4,20,2,2015-02-07,3,18,3,13,4,8.5,4.6,1.36,H
1,21,2,8,7,2015-02-07,6,6,3,12,1,3.5,3.3,2.1,D
5,10,3,10,2,2015-02-07,2,11,5,22,3,2.25,3.25,3.2,A
3,9,7,28,0,2015-02-07,1,14,4,14,5,7.5,4.2,1.44,A
2,19,3,11,5,2015-02-08,2,6,5,13,3,1.45,4.2,7.5,A
2,11,6,21,2,2015-02-08,3,12,3,9,4,7.5,4.2,1.44,H
2,32,0,8,8,2015-02-08,1,23,2,9,7,2.2,3.5,3.1,H
3,13,2,7,5,2015-02-13,4,12,4,19,2,2.3,3.3,3.1,A
1,5,6,14,3,2015-02-14,3,12,6,29,1,3.75,3.4,2.0,H
2,10,5,20,3,2015-02-14,0,9,8,20,2,3.0,3.25,2.38,A
1,24,2,9,7,2015-02-14,2,11,6,19,2,1.85,3.6,4.0,H
1,17,3,12,6,2015-02-14,1,13,5,16,4,2.5,3.25,2.8,D
6,5,3,11,1,2015-02-15,2,19,3,11,5,7.0,4.33,1.44,D
3,22,2,11,5,2015-02-15,2,19,2,8,6,2.1,3.25,3.5,D
5,8,3,10,2,2015-02-15,2,27,1,10,7,6.5,3.8,1.53,D
2,10,5,15,3,2015-02-20,2,16,2,10,6,10.0,5.0,1.3,H
2,13,4,14,4,2015-02-21,1,6,6,12,3,2.1,3.4,3.4,D
3,13,5,21,2,2015-02-21,1,21,3,9,6,7.5,4.2,1.44,H
0,7,9,20,1,2015-02-21,5,9,3,11,2,8.0,4.5,1.4,H
3,16,2,7,5,2015-02-21,2,8,5,18,3,2.7,3.25,2.6,A
3,19,2,9,5,2015-02-22,3,12,2,8,5,2.38,3.2,3.0,A
3,24,1,9,6,2015-02-22,4,18,2,11,4,2.75,3.5,2.4,H
3,13,5,28,2,2015-02-22,7,6,2,9,1,6.5,4.5,1.44,H
2,8,5,13,3,2015-02-27,2,19,1,10,7,10.0,5.25,1.29,H
4,9,3,10,3,2015-02-28,3,16,2,6,5,2.9,3.3,2.38,H
3,11,3,9,4,2015-02-28,2,13,6,29,2,2.0,3.4,3.75,A
6,8,2,10,2,2015-02-28,3,13,4,15,3,3.3,3.5,2.1,A
1,9,6,21,3,2015-02-28,3,11,5,24,2,3.0,3.2,2.4,H
1,25,3,9,6,2015-03-01,2,18,2,7,6,5.5,3.75,1.62,H
0,6,9,19,1,2015-03-01,2,23,2,9,6,15.0,6.5,1.18,H
4,19,1,10,5,2015-03-01,2,10,6,17,2,1.62,3.75,5.5,A
3,17,1,5,6,2015-03-07,2,24,2,8,6,6.5,3.75,1.55,H
3,14,4,16,3,2015-03-07,2,13,3,9,5,4.33,3.5,1.83,H
2,12,6,29,2,2015-03-07,3,20,1,10,6,11.0,5.75,1.25,H
1,8,6,14,3,2015-03-07,1,22,4,11,5,8.0,4.5,1.4,H
2,18,1,3,7,2015-03-07,3,9,4,11,3,2.0,3.3,3.8,A
2,19,1,10,7,2015-03-07,6,11,1,9,3,2.0,3.4,3.75,H
3,13,4,22,3,2015-03-07,0,2,10,20,0,3.3,3.4,2.15,H
2,8,7,17,1,2015-03-07,1,7,7,23,2,4.0,3.4,1.91,H
2,22,1,11,7,2015-03-15,2,17,1,4,7,4.33,3.5,1.83,A
5,12,1,9,4,2015-03-15,1,6,7,14,2,2.5,3.4,2.7,A
0,2,9,18,1,2015-03-15,3,14,2,5,5,6.0,3.8,1.57,H
1,23,3,8,6,2015-03-15,1,10,7,28,2,1.75,3.75,4.33,D
2,13,3,11,5,2015-03-15,2,18,1,8,7,3.5,3.4,2.05,H
3,10,4,12,3,2015-03-15,2,10,7,18,1,2.5,3.4,2.7,D
1,11,6,23,3,2015-03-15,3,15,5,19,2,3.75,3.6,1.91,A
2,22,2,7,6,2015-03-15,2,10,5,20,3,1.44,4.33,7.0,A
2,21,2,7,6,2015-07-24,3,8,6,21,1,1.7,4.0,4.33,H
2,9,5,13,3,2015-07-25,2,12,3,8,5,5.5,3.75,1.62,H
2,17,1,7,7,2015-07-25,2,21,3,7,5,2.6,3.4,2.6,H
4,14,1,10,5,2015-07-25,1,13,6,24,3,2.8,3.3,2.5,H
4,9,3,10,3,2015-07-25,3,15,6,23,1,2.88,3.4,2.38,H
3,10,6,16,1,2015-07-26,2,16,2,6,6,11.0,7.0,1.2,H
0,2,9,19,1,2015-07-26,3,10,2,5,5,5.0,3.75,1.67,H
2,23,0,10,8,2015-07-26,1,10,6,22,3,1.85,3.6,4.0,D
1,14,3,8,6,2015-07-31,3,21,0,9,7,5.25,3.6,1.67,H
4,14,2,13,4,2015-08-01,2,16,3,9,5,5.5,4.2,1.55,H
3,9,5,20,2,2015-08-01,0,3,9,20,1,2.6,3.3,2.63,A
2,11,5,19,3,2015-08-01,1,15,5,18,4,5.5,3.6,1.65,H
2,21,2,5,6,2015-08-01,3,12,6,18,1,2.25,3.25,3.2,H
3,9,2,5,5,2015-08-02,4,10,3,11,3,3.4,3.4,2.1,D
2,15,2,8,6,2015-08-02,2,7,6,16,2,1.57,4.2,5.25,A
3,17,5,21,2,2015-08-02,2,16,2,9,6,5.75,4.0,1.57,H
1,12,4,9,5,2015-08-07,3,15,6,22,1,2.63,3.3,2.63,D
4,11,3,12,3,2015-08-08,2,15,3,6,5,3.25,3.3,2.2,D
0,2,9,19,1,2015-08-08,3,13,3,15,4,7.5,4.2,1.44,H
1,16,4,16,5,2015-08-08,3,11,4,17,3,2.88,3.25,2.45,D
2,7,6,16,2,2015-08-08,1,11,6,20,3,3.25,3.3,2.2,H
3,19,0,8,7,2015-08-09,2,14,2,8,6,4.0,3.4,1.91,D
1,18,3,8,6,2015-08-09,4,11,1,5,5,2.4,3.25,2.9,D
3,13,5,16,2,2015-08-09,1,17,2,9,7,10.0,5.0,1.3,H
2,15,3,6,5,2015-08-14,2,15,3,8,5,7.0,4.75,1.4,H
1,11,6,21,3,2015-08-15,2,12,3,8,5,7.0,4.75,1.4,H
3,16,2,15,5,2015-08-15,5,10,3,12,2,3.2,3.25,2.25,H
1,16,2,9,7,2015-08-15,0,3,9,20,1,1.67,3.6,5.25,D
4,14,5,19,1,2015-08-15,2,12,6,16,2,2.4,3.3,2.88,H
4,12,3,12,3,2015-08-16,4,17,0,8,6,8.5,4.75,1.36,H
3,15,1,7,6,2015-08-16,2,17,3,15,5,1.83,3.75,4.0,H
4,11,1,5,5,2015-08-16,2,8,7,19,1,2.38,3.3,2.9,H
1,13,3,8,6,2015-08-21,4,12,3,12,3,2.2,3.4,3.2,H
1,11,7,23,2,2015-08-22,4,10,2,7,4,6.0,4.0,1.53,D
2,10,6,17,2,2015-08-22,2,14,3,15,5,4.5,3.75,1.75,H
1,4,8,18,1,2015-08-22,1,12,6,15,3,3.75,3.4,2.0,D
2,15,3,9,5,2015-08-22,3,15,6,21,1,2.2,3.4,3.2,H
4,9,3,9,3,2015-08-23,2,16,2,10,6,5.75,4.2,1.53,H
3,15,0,5,7,2015-08-23,2,13,4,8,4,2.05,3.5,3.4,D
1,19,3,15,6,2015-08-23,2,14,2,8,6,4.5,3.75,1.75,A
4,10,2,7,4,2015-08-28,1,13,4,11,5,4.0,3.6,1.85,H
1,16,3,16,6,2015-08-29,4,11,0,5,6,7.5,3.8,1.5,D
3,11,4,8,3,2015-08-29,2,7,7,18,1,2.4,3.1,3.1,A
3,15,5,18,2,2015-08-29,1,21,2,15,7,4.0,3.5,1.91,A
4,13,2,10,4,2015-08-29,1,11,7,19,2,3.4,3.6,2.05,H
2,12,3,10,5,2015-08-30,2,15,3,9,5,4.75,3.5,1.75,H
2,15,5,17,3,2015-08-30,4,8,4,10,2,7.0,4.33,1.44,A
2,15,2,10,6,2015-08-30,2,11,6,19,2,1.57,4.0,5.5,A
1,21,3,9,6,2015-09-11,2,7,7,18,1,1.53,4.2,5.75,H
1,12,6,18,3,2015-09-12,3,12,3,7,4,3.8,3.5,1.95,D
2,10,6,20,2,2015-09-12,1,17,3,17,6,7.0,4.0,1.5,D
1,20,3,17,6,2015-09-12,2,16,5,18,3,2.15,3.6,3.1,A
4,13,0,7,6,2015-09-12,2,16,5,17,3,2.05,3.4,3.5,D
1,13,4,10,5,2015-09-13,1,17,2,9,7,5.0,4.0,1.62,D
3,10,3,9,4,2015-09-13,3,12,3,10,4,2.88,3.2,2.5,D
3,8,5,11,2,2015-09-13,1,12,4,16,5,4.1,3.75,1.8,A
2,17,3,18,5,2015-09-18,2,13,3,9,5,4.2,3.6,1.83,H
2,9,6,18,2,2015-09-19,3,8,5,11,2,6.5,4.1,1.5,A
4,6,3,7,3,2015-09-19,1,24,2,15,7,4.0,3.5,1.91,H
2,15,5,16,3,2015-09-19,2,10,5,13,3,2.6,3.3,2.63,A
3,13,3,11,4,2015-09-19,3,12,5,16,2,3.0,3.1,2.45,A
2,16,2,9,6,2015-09-20,4,8,3,9,3,1.95,3.5,3.7,D
2,15,5,20,3,2015-09-20,1,21,3,9,6,13.0,5.75,1.22,H
1,9,5,15,4,2015-09-20,5,12,0,7,5,4.75,3.75,1.7,H
3,9,6,19,1,2015-09-25,2,16,4,15,4,7.5,4.2,1.44,H
5,8,3,10,2,2015-09-26,2,15,4,19,4,3.2,3.4,2.2,A
1,25,1,12,8,2015-09-26,2,11,5,16,3,2.25,3.4,3.1,D
1,12,6,16,3,2015-09-26,1,9,6,19,3,5.25,4.2,1.57,D
5,15,0,8,5,2015-09-26,2,16,5,24,3,1.57,4.2,5.25,A
3,15,3,11,4,2015-09-27,3,15,2,10,5,10.0,5.5,1.29,H
2,14,3,10,5,2015-09-27,4,6,3,6,3,2.3,3.3,3.1,H
1,23,3,10,6,2015-09-27,3,9,5,12,2,2.0,3.4,3.75,A
3,8,5,11,2,2015-10-02,2,23,1,11,7,4.2,3.5,1.85,H
2,18,3,14,5,2015-10-03,5,9,2,9,3,3.6,3.5,2.0,H
3,12,5,18,2,2015-10-03,2,13,6,18,2,3.6,3.6,1.95,D
2,14,5,23,3,2015-10-03,2,13,4,10,4,4.5,3.75,1.75,A
4,6,3,6,3,2015-10-03,3,11,6,22,1,2.3,3.3,3.1,D
2,14,5,20,3,2015-10-04,3,14,2,9,5,6.0,4.75,1.44,D
2,11,5,20,3,2015-10-04,2,11,4,9,4,3.3,3.5,2.1,H
1,23,3,10,6,2015-10-04,5,16,0,8,5,3.25,3.5,2.1,H
5,18,0,8,5,2015-10-16,4,13,4,17,2,1.6,3.8,5.75,A
3,12,5,16,2,2015-10-17,2,8,6,13,2,4.5,3.5,1.8,A
2,13,4,10,4,2015-10-17,3,12,5,19,2,4.2,3.6,1.83,H
4,11,5,20,1,2015-10-17,2,11,6,23,2,8.0,4.5,1.4,A
2,14,3,9,5,2015-10-17,1,17,5,24,4,2.0,3.6,3.5,A
2,21,1,10,7,2015-10-18,1,21,4,13,5,6.5,3.8,1.53,H
5,10,2,9,3,2015-10-18,4,7,3,7,3,3.1,3.5,2.2,H
4,14,1,8,5,2015-10-18,2,17,3,13,5,1.85,3.3,4.5,A
4,13,4,17,2,2015-10-23,2,12,3,8,5,6.5,4.5,1.44,A
2,18,2,10,6,2015-10-24,4,19,0,8,6,8.0,4.5,1.4,D
2,14,4,16,4,2015-10-24,3,14,4,16,3,4.0,3.6,1.85,A
1,15,5,22,4,2015-10-24,3,13,4,14,3,4.2,3.75,1.8,A
2,8,6,12,2,2015-10-24,3,12,5,20,2,2.3,3.5,2.88,A
1,21,3,11,6,2015-10-25,4,15,1,6,5,4.0,3.6,1.85,H
2,11,6,23,2,2015-10-25,5,8,3,10,2,2.7,3.4,2.5,A
4,7,3,6,3,2015-10-25,2,11,5,12,3,2.63,3.5,2.5,H
5,20,0,10,5,2015-10-27,1,8,6,11,3,1.95,3.4,3.8,A
3,12,5,20,2,2015-10-27,4,17,3,15,3,4.6,3.8,1.7,D
2,12,3,11,5,2015-10-27,3,18,2,11,5,3.1,3.3,2.3,H
3,13,4,14,3,2015-10-28,1,19,4,14,5,7.5,5.0,1.36,H
3,17,4,17,3,2015-10-28,2,12,6,24,2,4.2,3.5,1.85,H
4,8,4,11,2,2015-10-28,1,15,5,21,4,2.5,3.3,2.75,A
2,11,5,13,3,2015-10-28,2,17,3,17,5,3.75,3.4,2.0,H
4,16,1,7,5,2015-10-29,4,7,3,6,3,1.7,3.6,5.0,D
0,9,7,13,3,2015-10-30,1,14,4,14,5,4.5,3.5,1.8,A
2,20,2,12,6,2015-10-31,3,9,4,11,3,3.3,3.5,2.1,D
1,15,5,21,4,2015-10-31,3,15,5,18,2,5.5,4.33,1.53,H
4,21,0,10,6,2015-10-31,3,11,4,13,3,1.7,3.6,5.0,A
0,21,4,14,6,2015-10-31,4,11,5,20,1,1.62,4.0,5.0,A
5,18,2,14,3,2015-11-01,4,16,1,7,5,13.0,6.5,1.2,H
2,13,6,25,2,2015-11-01,1,10,6,16,3,2.05,3.5,3.4,H
4,8,3,7,3,2015-11-01,1,21,3,17,6,3.8,3.3,2.0,D
2,22,2,17,6,2015-11-06,4,17,3,15,3,2.45,3.4,2.75,D
3,17,4,16,3,2015-11-07,5,9,2,7,3,3.1,3.4,2.25,H
1,11,5,15,4,2015-11-07,0,9,7,13,3,5.0,3.75,1.67,D
3,9,5,15,2,2015-11-07,3,18,2,12,5,5.5,4.0,1.57,H
4,10,5,20,1,2015-11-07,1,13,6,22,3,3.8,3.6,1.91,D
1,12,5,15,4,2015-11-08,0,21,4,13,6,6.0,4.33,1.5,H
4,10,3,10,3,2015-11-08,4,22,0,10,6,6.0,4.33,1.5,A
4,17,0,4,6,2015-11-08,1,12,7,25,2,2.25,3.4,3.1,H
4,12,5,22,1,2015-11-20,3,23,1,13,6,9.0,5.25,1.3,H
3,22,2,19,5,2015-11-21,0,22,3,11,7,7.0,4.75,1.4,H
1,11,5,13,4,2015-11-21,3,8,5,16,2,2.1,3.4,3.4,A
2,9,5,15,3,2015-11-21,1,12,6,21,3,3.0,3.5,2.25,H
3,19,2,11,5,2015-11-22,3,15,5,16,2,3.1,3.4,2.25,H
4,10,2,7,4,2015-11-22,1,12,6,23,3,4.33,3.6,1.8,D
2,12,5,17,3,2015-11-27,3,20,3,22,4,2.63,3.3,2.6,A
1,10,6,13,3,2015-11-28,3,13,3,11,4,3.4,3.2,2.2,A
2,26,1,11,7,2015-11-28,1,12,5,14,4,2.3,3.5,2.9,A
1,12,6,21,3,2015-11-28,5,10,2,8,3,4.75,3.75,1.7,H
4,16,3,14,3,2015-11-28,2,10,5,16,3,3.6,3.5,2.0,A
3,8,6,19,1,2015-11-29,4,16,1,5,5,10.0,6.0,1.25,H
0,18,3,10,7,2015-11-29,2,15,5,15,3,1.95,3.6,3.6,A
3,20,2,11,5,2015-11-29,4,12,5,24,1,2.1,3.5,3.3,A
2,21,4,24,4,2015-12-04,1,26,1,10,8,6.0,4.75,1.44,D
1,14,6,17,3,2015-12-05,4,17,2,13,4,2.63,3.4,2.55,A
1,9,6,16,3,2015-12-05,3,16,2,10,5,5.75,4.0,1.55,A
3,10,6,23,1,2015-12-05,2,10,7,22,1,3.8,3.6,1.91,H
2,15,4,18,4,2015-12-05,1,12,6,19,3,2.0,3.3,3.8,D
3,14,3,11,4,2015-12-06,0,21,2,9,8,6.5,4.5,1.44,H
4,16,1,7,5,2015-12-06,0,12,6,15,4,2.1,3.4,3.4,D
4,13,2,9,4,2015-12-06,1,11,5,12,4,3.4,3.6,2.05,H
1,9,6,14,3,2015-12-11,3,11,6,25,1,1.85,3.8,3.75,D
2,13,6,20,2,2015-12-12,2,14,4,12,4,4.2,3.75,1.8,H
4,17,3,15,3,2015-12-12,4,14,2,11,4,4.33,3.75,1.75,A
1,13,5,13,4,2015-12-12,1,16,5,16,4,3.8,3.3,2.0,D
2,11,5,14,3,2015-12-12,3,20,4,24,3,5.5,4.0,1.57,H
3,16,3,12,4,2015-12-13,4,16,1,7,5,6.5,4.5,1.45,D
2,24,1,11,7,2015-12-13,1,8,6,17,3,1.75,3.5,4.75,A
0,18,2,9,8,2015-12-13,3,14,3,14,4,2.2,3.4,3.2,H
3,18,4,23,3,2015-12-18,2,13,4,12,4,3.1,3.5,2.2,D
1,8,6,18,3,2015-12-19,2,9,5,13,3,7.0,3.75,1.53,H
2,11,5,13,3,2015-12-19,4,18,3,15,3,3.75,3.5,1.95,A
2,17,4,16,4,2015-12-19,1,12,7,20,2,2.5,3.4,2.7,H
1,15,4,12,5,2015-12-19,4,9,5,21,1,2.1,3.4,3.4,H
4,16,1,7,5,2015-12-20,0,17,3,11,7,3.6,3.6,1.95,A
4,14,3,14,3,2015-12-20,2,23,1,10,7,7.0,4.33,1.44,H
2,14,3,12,5,2015-12-20,3,15,3,11,4,2.9,3.5,2.3,H
1,15,5,14,4,2015-12-22,3,16,4,14,3,2.7,3.25,2.6,A
4,19,1,8,5,2015-12-23,3,14,3,12,4,1.85,3.5,4.2,D
2,9,5,12,3,2015-12-26,1,13,5,14,4,2.7,3.4,2.5,H
0,17,3,11,7,2015-12-26,3,13,4,16,3,1.8,3.75,4.2,A
2,22,1,9,7,2015-12-26,1,17,5,18,4,1.85,3.6,4.0,H
0,14,7,20,3,2015-12-26,1,7,6,18,3,3.25,3.5,2.1,D
4,15,2,11,4,2015-12-26,2,9,5,12,3,2.4,3.4,2.8,A
3,10,5,21,2,2015-12-27,4,19,1,8,5,15.0,6.5,1.18,H
2,15,5,14,3,2015-12-27,2,14,3,13,5,6.5,4.5,1.45,H
3,17,3,12,4,2015-12-27,4,19,3,21,3,2.88,3.5,2.3,H
4,20,2,17,4,2016-01-15,2,8,6,13,2,4.6,3.6,1.75,H
2,9,5,17,3,2016-01-16,1,14,4,12,5,6.0,3.8,1.57,D
2,14,5,15,3,2016-01-16,0,20,3,12,7,13.0,6.5,1.2,H
3,12,5,20,2,2016-01-16,1,14,7,21,2,3.4,3.4,2.1,H
1,16,5,18,4,2016-01-16,3,9,6,22,1,2.2,3.4,3.2,H
4,17,1,9,5,2016-01-17,2,20,2,10,6,3.0,3.4,2.3,H
2,16,2,11,6,2016-01-17,4,17,1,11,5,2.5,3.3,2.8,A
2,11,5,14,3,2016-01-17,3,17,3,12,4,6.5,4.5,1.44,D
3,18,3,13,4,2016-01-22,3,11,5,19,2,2.7,3.3,2.6,H
2,10,5,10,3,2016-01-23,1,15,5,17,4,2.5,3.25,2.8,D
4,15,2,12,4,2016-01-23,2,10,6,18,2,2.4,3.1,3.0,D
3,11,5,22,2,2016-01-23,3,7,5,16,2,3.4,3.3,2.15,A
1,15,6,19,3,2016-01-23,4,17,3,16,3,4.0,3.6,1.85,D
2,12,3,9,5,2016-01-24,4,14,2,10,4,7.5,4.2,1.44,H
1,20,2,8,7,2016-01-24,2,15,2,9,6,2.63,3.4,2.55,A
0,22,2,9,8,2016-01-24,3,12,5,17,2,1.44,4.5,6.5,A
3,15,2,10,5,2016-01-29,3,8,5,14,2,1.44,4.2,7.5,A
2,15,4,16,4,2016-01-30,2,12,4,11,4,4.75,3.6,1.73,H
2,12,5,19,3,2016-01-30,3,9,4,8,3,5.0,3.8,1.67,H
2,13,3,11,5,2016-01-30,2,17,5,19,3,2.05,3.5,3.4,A
5,15,3,18,2,2016-01-30,2,11,5,21,3,2.38,3.4,2.88,A
5,15,1,11,4,2016-01-31,0,22,2,10,8,9.0,5.0,1.33,H
3,13,5,18,2,2016-01-31,1,21,2,7,7,11.0,7.0,1.2,H
2,9,6,17,2,2016-01-31,3,16,4,13,3,5.5,4.0,1.57,D
3,15,2,11,5,2016-02-05,2,15,5,19,3,1.85,3.75,4.0,D
2,12,5,21,3,2016-02-06,1,10,6,18,3,4.0,3.75,1.83,D
3,10,3,6,4,2016-02-06,3,12,5,18,2,2.2,3.4,3.2,A
2,17,5,19,3,2016-02-06,3,14,5,18,2,2.63,3.5,2.5,D
1,14,4,12,5,2016-02-06,4,15,3,17,3,2.63,3.3,2.63,A
1,21,2,8,7,2016-02-07,0,22,2,11,8,4.0,3.3,1.95,H
3,18,4,15,3,2016-02-07,5,14,2,13,3,2.8,3.5,2.4,A
3,8,6,16,1,2016-02-07,2,15,2,10,6,10.0,5.25,1.29,A
2,10,6,17,2,2016-02-12,1,20,2,6,7,9.5,5.25,1.3,H
3,15,4,18,3,2016-02-13,4,17,1,12,5,7.0,4.33,1.44,H
2,10,6,19,2,2016-02-13,1,14,4,13,5,4.75,3.3,1.8,D
3,14,5,18,2,2016-02-13,3,11,2,5,5,7.0,4.33,1.44,H
4,13,3,13,3,2016-02-13,3,19,4,18,3,3.4,3.3,2.15,D
0,22,2,11,8,2016-02-14,3,16,4,15,3,2.0,3.5,3.6,A
3,17,4,20,3,2016-02-14,2,9,6,16,2,2.8,3.4,2.4,A
2,15,3,12,5,2016-02-14,2,11,5,20,3,1.95,3.6,3.6,H
2,13,4,15,4,2016-02-19,0,21,2,11,8,15.0,7.0,1.17,H
2,8,6,17,2,2016-02-20,2,10,6,19,2,5.0,3.8,1.67,H
3,14,2,5,5,2016-02-20,5,14,3,15,2,2.38,3.25,3.0,D
4,21,3,18,3,2016-02-20,2,9,7,19,1,3.4,3.5,2.05,H
2,14,3,12,5,2016-02-20,1,14,4,13,5,4.6,3.6,1.75,H
1,17,2,6,7,2016-02-21,3,15,4,15,3,1.95,3.6,3.6,H
4,17,1,10,5,2016-02-21,3,13,6,23,1,1.5,4.33,6.0,H
3,18,4,19,3,2016-02-21,3,15,4,18,3,3.4,3.6,2.05,A
6,11,3,14,1,2016-02-26,1,18,3,11,6,9.5,4.75,1.33,H
2,10,6,18,2,2016-02-27,3,20,3,17,4,3.0,3.4,2.3,A
3,19,4,17,3,2016-02-27,4,20,3,18,3,2.88,3.5,2.3,H
3,15,4,18,3,2016-02-27,2,8,6,19,2,2.38,3.4,2.88,A
2,10,6,17,2,2016-02-27,2,13,4,20,4,2.8,3.5,2.38,D
1,14,4,11,5,2016-02-28,3,17,2,11,5,3.5,3.4,2.05,D
3,13,5,20,2,2016-02-28,2,13,3,13,5,7.0,3.9,1.5,A
0,23,2,10,8,2016-02-28,4,14,1,4,5,2.1,3.5,3.3,H
4,19,3,18,3,2016-03-04,0,19,3,10,7,9.0,4.5,1.36,D
2,7,7,20,1,2016-03-05,0,23,3,12,7,13.0,7.0,1.18,H
2,15,4,17,4,2016-03-05,2,11,5,15,3,3.3,3.3,2.2,H
3,14,3,17,4,2016-03-05,5,11,4,16,1,5.0,3.8,1.67,H
3,19,2,13,5,2016-03-05,3,9,6,18,1,1.8,3.8,4.0,H
2,13,4,15,4,2016-03-05,3,19,4,19,3,2.7,3.4,2.5,H
3,17,1,6,6,2016-03-05,1,17,4,14,5,3.75,3.5,1.95,H
3,17,4,17,3,2016-03-05,2,16,5,22,3,2.9,3.3,2.38,D
2,11,4,12,4,2016-03-13,3,16,3,14,4,4.75,4.0,1.65,H
1,18,3,11,6,2016-03-13,2,13,4,15,4,2.0,3.5,3.6,D
2,20,4,19,4,2016-03-13,2,18,2,8,6,4.75,3.9,1.67,H
1,17,4,15,5,2016-03-13,3,16,4,16,3,1.75,3.75,4.5,H
0,26,2,10,8,2016-03-13,5,19,2,17,3,2.1,3.4,3.4,A
4,12,4,16,2,2016-03-13,2,7,7,21,1,3.4,3.4,2.1,D
3,11,5,18,2,2016-03-13,2,13,5,17,3,4.33,3.75,1.75,H
3,15,4,20,3,2016-03-13,2,15,4,19,4,4.0,4.0,1.8,H
0,26,1,6,9,2016-07-29,3,19,3,13,4,1.7,3.8,4.75,A
3,14,5,21,2,2016-07-30,3,13,4,16,3,5.75,3.8,1.6,H
4,12,4,16,2,2016-07-30,3,8,6,19,1,2.7,3.4,2.5,H
4,6,5,13,1,2016-07-30,1,15,5,16,4,3.6,3.5,2.0,H
2,17,5,22,3,2016-07-31,2,19,2,9,6,4.75,3.75,1.7,H
2,16,3,12,5,2016-07-31,2,11,4,12,4,2.15,3.2,3.5,D
1,16,4,15,5,2016-07-31,2,14,4,18,4,1.75,3.5,4.75,D
0,24,1,5,9,2016-08-05,2,18,5,23,3,1.85,3.6,4.0,H
3,17,4,15,3,2016-08-06,4,6,5,15,1,3.0,3.4,2.3,A
2,7,6,17,2,2016-08-06,2,15,4,17,4,7.0,4.33,1.44,H
1,17,5,16,4,2016-08-06,3,12,5,19,2,2.4,3.3,2.9,A
3,11,3,9,4,2016-08-07,2,18,3,13,5,6.0,4.33,1.5,H
2,21,1,9,7,2016-08-07,3,17,2,11,5,4.33,3.6,1.8,H
3,15,3,18,4,2016-08-07,4,9,5,15,1,4.75,3.6,1.73,H
2,23,2,12,6,2016-08-12,1,7,7,19,2,1.62,3.8,5.5,D
3,16,2,11,5,2016-08-13,2,14,4,16,4,2.1,3.4,3.4,D
2,9,6,18,2,2016-08-13,2,19,2,9,6,7.0,4.75,1.4,D
3,12,3,13,4,2016-08-13,3,17,3,12,4,3.3,3.5,2.1,D
4,5,5,13,1,2016-08-13,3,12,4,19,3,3.0,3.3,2.3,A
4,12,4,13,2,2016-08-14,0,21,2,6,8,8.0,5.25,1.33,H
2,15,4,17,4,2016-08-14,1,18,4,14,5,2.45,3.6,2.63,H
3,14,3,15,4,2016-08-19,2,15,4,15,4,4.0,3.6,1.85,D
0,20,2,5,8,2016-08-20,4,10,3,12,3,1.75,3.75,4.33,H
3,16,3,11,4,2016-08-20,3,10,5,18,2,2.8,3.4,2.4,D
1,17,4,19,5,2016-08-20,0,17,4,12,6,3.0,3.4,2.3,D
3,21,2,11,5,2016-08-21,4,5,5,14,1,1.91,3.5,4.0,D
3,11,5,20,2,2016-08-21,4,14,2,12,4,12.0,5.5,1.25,H
2,20,2,10,6,2016-08-21,3,11,5,13,2,2.55,3.3,2.7,A
5,7,4,14,1,2016-08-26,4,11,3,13,3,5.0,3.4,1.75,H
4,11,4,18,2,2016-08-27,1,15,4,17,5,5.75,4.0,1.55,H
4,12,2,12,4,2016-08-27,2,6,6,17,2,2.9,3.1,2.5,A
4,16,2,10,4,2016-08-27,3,12,5,22,2,2.35,3.4,2.88,A
4,16,2,13,4,2016-08-28,4,21,2,12,4,3.2,3.5,2.15,D
3,13,4,15,3,2016-08-28,0,19,3,6,7,6.0,4.33,1.5,D
1,16,4,12,5,2016-08-28,2,22,2,10,6,4.33,3.6,1.8,H
1,20,3,8,6,2016-09-09,3,10,5,18,2,1.65,3.8,5.0,H
1,16,4,18,5,2016-09-10,5,9,4,16,1,2.38,3.4,2.88,H
2,12,6,23,2,2016-09-10,3,13,2,12,5,6.0,3.8,1.57,H
2,5,7,18,1,2016-09-10,3,16,2,9,5,4.0,3.4,1.91,H
4,11,3,13,3,2016-09-11,4,21,2,12,4,5.0,4.0,1.62,H
3,12,4,14,3,2016-09-11,5,18,1,14,4,8.0,4.5,1.4,H
2,22,2,10,6,2016-09-11,4,14,3,15,3,3.25,3.5,2.1,H
3,15,2,9,5,2016-09-16,3,12,4,15,3,4.5,3.75,1.73,D
4,10,4,16,2,2016-09-17,1,18,4,9,5,8.0,5.25,1.33,H
3,10,4,12,3,2016-09-17,2,5,7,17,1,3.75,3.4,2.0,H
2,16,2,12,6,2016-09-17,1,19,3,8,6,3.75,3.6,1.91,H
4,21,2,14,4,2016-09-18,2,16,3,11,5,2.63,3.5,2.5,A
4,16,2,13,4,2016-09-18,2,9,5,14,3,2.55,3.4,2.63,A
5,19,1,14,4,2016-09-18,1,17,4,18,5,2.1,3.6,3.2,H
1,13,4,16,5,2016-09-24,4,12,3,12,3,3.25,3.5,2.1,H
2,9,6,15,2,2016-09-24,5,17,1,10,4,10.0,5.0,1.3,H
1,19,2,6,7,2016-09-24,4,12,2,7,4,2.38,3.4,2.8,A
1,9,6,15,3,2016-09-24,3,10,5,16,2,3.1,3.3,2.3,D
2,12,7,24,1,2016-09-25,4,23,1,13,5,13.0,6.5,1.2,A
1,16,4,13,5,2016-09-25,2,14,3,14,5,2.7,3.2,2.6,H
3,12,5,19,2,2016-09-25,4,14,2,13,4,5.5,3.75,1.62,H
2,9,6,15,2,2016-09-30,1,13,4,14,5,5.5,3.7,1.62,D
2,16,3,15,5,2016-10-01,2,9,5,13,3,2.9,3.3,2.4,H
4,12,2,10,4,2016-10-01,1,20,2,7,7,3.6,3.5,2.0,D
4,8,5,15,1,2016-10-01,1,12,7,23,2,2.55,3.3,2.7,H
5,16,1,10,4,2016-10-02,1,16,3,8,6,3.4,3.4,2.1,H
4,14,2,8,4,2016-10-02,1,14,5,15,4,5.5,3.8,1.62,H
3,21,2,12,5,2016-10-02,3,14,2,10,5,2.45,3.5,2.7,A
1,14,3,8,6,2016-10-14,5,12,1,9,4,2.2,3.5,3.1,H
3,12,3,10,4,2016-10-15,2,16,4,17,4,2.6,3.25,2.7,D
1,12,6,21,3,2016-10-15,3,11,5,14,2,5.5,3.8,1.62,D
1,11,7,24,2,2016-10-15,3,8,6,16,1,2.9,3.5,2.3,H
2,9,5,13,3,2016-10-16,3,21,1,10,6,7.0,4.75,1.4,H
2,21,1,7,7,2016-10-16,4,15,2,10,4,5.75,4.0,1.55,H
2,13,4,15,4,2016-10-16,3,15,3,10,4,2.8,3.4,2.4,A
3,19,3,17,4,2016-10-21,2,15,3,13,5,4.0,3.6,1.85,D
1,15,6,20,3,2016-10-22,3,13,4,13,3,3.6,3.8,1.91,H
1,8,6,13,3,2016-10-22,2,18,2,10,6,4.5,3.8,1.73,H
4,12,1,8,5,2016-10-22,2,13,6,23,2,1.85,3.8,3.8,D
3,19,1,10,6,2016-10-23,1,13,4,9,5,3.25,3.6,2.1,H
3,17,2,9,5,2016-10-23,1,13,7,26,2,1.73,3.8,4.5,H
3,12,5,15,2,2016-10-23,2,13,4,15,4,4.75,4.2,1.62,H
3,12,5,17,2,2016-10-23,4,15,2,9,4,6.5,4.5,1.45,H
3,16,2,13,5,2016-10-25,1,8,6,14,3,2.75,3.3,2.5,A
3,15,3,11,4,2016-10-26,3,18,2,11,5,6.5,4.5,1.44,H
2,12,4,14,4,2016-10-26,5,11,1,8,4,2.75,3.4,2.45,H
2,11,6,21,2,2016-10-26,1,13,4,10,5,12.0,6.0,1.22,H
1,16,6,25,3,2016-10-26,3,20,3,18,4,4.33,4.0,1.7,D
2,17,2,10,6,2016-10-26,3,11,6,16,1,2.5,3.4,2.7,A
3,18,2,7,5,2016-10-27,2,18,3,11,5,4.5,3.75,1.75,H
1,14,6,20,3,2016-10-27,3,12,5,21,2,4.0,3.3,1.95,D
1,6,7,16,2,2016-10-29,2,17,5,24,3,3.4,3.75,2.0,D
2,11,6,22,2,2016-10-29,2,13,4,15,4,8.5,5.0,1.33,H
5,12,1,9,4,2016-10-29,3,11,6,16,1,2.8,3.4,2.4,D
1,17,3,9,6,2016-10-29,2,17,2,10,6,2.3,3.4,3.0,D
2,18,3,11,5,2016-10-30,3,13,4,13,3,1.91,3.5,4.0,H
4,20,2,14,4,2016-10-30,2,14,5,19,3,2.45,3.4,2.75,A
3,16,3,8,4,2016-10-30,3,17,2,14,5,2.7,3.4,2.5,H
3,15,2,10,5,2016-10-30,4,12,4,19,2,1.75,3.8,4.33,H
5,13,1,10,4,2016-11-04,3,21,2,14,5,3.0,3.4,2.3,H
3,13,6,18,1,2016-11-05,3,17,5,25,2,3.25,3.3,2.2,H
2,15,4,13,4,2016-11-05,2,8,6,17,2,3.25,3.5,2.1,D
3,16,2,10,5,2016-11-05,2,11,6,22,2,1.8,3.6,4.33,A
3,18,2,14,5,2016-11-06,2,16,3,12,5,6.5,4.5,1.45,D
1,13,4,14,5,2016-11-06,2,16,3,9,5,5.5,3.6,1.65,D
3,12,4,18,3,2016-11-06,1,17,4,12,5,7.5,5.0,1.36,H
2,13,5,18,3,2016-11-06,3,17,3,10,4,7.5,4.2,1.44,H
3,16,2,8,5,2016-11-18,3,14,6,20,1,1.85,3.6,4.0,A
2,19,5,25,3,2016-11-19,2,11,4,15,4,6.0,4.33,1.5,H
1,15,4,10,5,2016-11-19,2,12,6,19,2,1.62,3.75,5.5,A
2,10,6,20,2,2016-11-19,3,18,2,14,5,7.0,4.75,1.4,H
3,21,2,14,5,2016-11-19,2,10,5,18,3,2.88,2.9,2.7,D
3,8,5,14,2,2016-11-20,4,14,2,12,4,4.5,3.5,1.8,H
2,19,3,11,5,2016-11-20,2,13,4,11,4,2.2,3.25,3.3,H
2,15,3,11,5,2016-11-20,2,17,2,10,6,2.3,3.25,3.1,H
2,13,4,11,4,2016-11-25,2,15,2,6,6,10.0,4.75,1.33,H
2,9,6,23,2,2016-11-26,2,17,5,24,3,5.5,3.8,1.62,D
3,13,6,19,1,2016-11-26,3,7,6,15,1,3.75,3.4,2.0,H
4,13,2,11,4,2016-11-26,3,10,4,17,3,2.3,3.2,3.1,A
2,11,6,19,2,2016-11-27,1,15,4,12,5,10.0,6.0,1.25,H
4,20,2,14,4,2016-11-27,0,15,4,8,6,7.0,4.33,1.44,H
2,12,4,15,4,2016-11-27,3,21,2,13,5,3.2,3.6,2.1,H
2,20,1,11,7,2016-11-27,1,18,4,11,5,3.75,3.5,1.95,H
3,18,5,26,2,2016-12-02,2,12,5,17,3,4.0,3.6,1.85,H
3,26,1,11,6,2016-12-03,2,21,1,6,7,6.5,4.0,1.5,H
2,10,6,21,2,2016-12-03,3,13,6,18,1,4.75,3.4,1.8,H
3,9,5,18,2,2016-12-03,2,16,2,14,6,7.0,4.33,1.44,D
0,15,4,8,6,2016-12-03,3,11,5,22,2,1.44,4.2,7.5,D
1,20,4,12,5,2016-12-04,4,12,1,8,5,2.55,3.2,2.8,A
3,8,5,12,2,2016-12-04,2,12,4,19,4,6.0,3.75,1.57,A
1,19,4,10,5,2016-12-04,4,16,3,16,3,2.0,3.3,3.8,A
3,15,2,14,5,2016-12-09,3,10,4,12,3,2.7,3.3,2.55,D
3,13,2,11,5,2016-12-10,3,16,5,24,2,2.38,3.3,2.9,D
3,10,6,17,1,2016-12-10,4,16,3,17,3,4.0,3.5,1.91,A
1,13,5,17,4,2016-12-10,2,7,7,21,1,2.6,3.3,2.63,A
2,20,1,4,7,2016-12-11,1,20,4,11,5,3.1,3.4,2.25,D
3,25,2,13,5,2016-12-11,1,15,3,7,6,6.0,3.8,1.57,D
4,10,4,19,2,2016-12-11,1,22,4,13,5,10.0,6.0,1.25,H
2,8,7,22,1,2016-12-17,4,13,2,12,4,7.0,4.33,1.44,H
4,9,4,15,2,2016-12-17,1,15,4,15,5,4.6,3.6,1.75,H
4,13,2,13,4,2016-12-17,4,25,1,12,5,3.5,3.6,2.0,D
2,14,3,7,5,2016-12-17,3,10,5,15,2,1.83,3.5,4.33,H
3,10,4,12,3,2016-12-17,4,9,5,21,1,2.2,3.4,3.2,A
4,18,4,23,2,2016-12-18,2,19,3,9,5,10.0,6.0,1.25,H
4,12,4,17,2,2016-12-18,3,17,1,4,6,8.0,4.75,1.36,H
1,22,4,14,5,2016-12-18,2,13,4,19,4,2.9,3.3,2.38,D
3,14,2,11,5,2016-12-20,1,16,3,13,6,2.9,3.3,2.38,H
4,9,6,24,0,2016-12-20,2,4,8,23,0,4.33,3.8,1.75,D
2,11,5,14,3,2016-12-20,3,8,5,16,2,2.88,3.2,2.5,H
3,21,1,5,6,2016-12-21,4,17,4,23,2,1.53,4.33,5.5,A
4,24,1,11,5,2016-12-21,4,12,4,20,2,2.6,3.3,2.63,A
3,11,4,12,3,2016-12-21,2,24,3,15,5,7.0,4.33,1.45,D
3,14,3,17,4,2016-12-21,4,13,2,13,4,3.4,3.3,2.15,H
2,22,3,9,5,2016-12-22,2,15,3,9,5,2.8,3.3,2.45,A
2,24,3,11,5,2016-12-26,3,13,3,12,4,2.0,3.4,3.75,A
2,2,8,21,0,2016-12-26,3,25,0,5,7,13.0,7.5,1.17,H
3,11,4,16,3,2016-12-26,4,12,3,12,3,4.33,3.75,1.75,D
4,16,4,23,2,2016-12-26,4,23,1,9,5,7.0,4.75,1.4,A
1,15,2,10,7,2016-12-26,4,14,1,10,5,5.0,3.8,1.67,D
3,9,5,19,2,2016-12-26,4,7,6,22,0,2.3,3.3,3.1,H
2,14,4,12,4,2016-12-27,3,12,4,17,3,2.63,3.25,2.63,H
2,22,3,13,5,2016-12-27,1,10,6,15,3,2.3,3.25,3.1,D
2,13,4,14,4,2017-01-20,2,12,4,11,4,5.5,3.75,1.62,H
2,12,4,15,4,2017-01-21,4,16,4,22,2,2.05,3.4,3.5,A
5,12,1,10,4,2017-01-21,2,8,6,21,2,2.25,3.4,3.1,A
5,12,2,10,3,2017-01-21,2,3,8,21,0,2.38,3.25,3.0,H
3,22,2,10,5,2017-01-21,4,7,4,14,2,2.25,3.4,3.1,A
2,12,5,16,3,2017-01-22,2,25,2,9,6,9.5,5.5,1.29,H
3,11,6,23,1,2017-01-22,2,13,2,10,6,6.25,4.2,1.5,A
3,25,0,5,7,2017-01-22,3,19,3,15,4,2.45,3.3,2.8,A
1,9,7,23,2,2017-01-24,2,12,4,15,4,5.75,4.2,1.53,H
2,11,5,14,3,2017-01-24,3,21,2,9,5,4.5,3.5,1.8,A
1,5,8,22,1,2017-01-24,5,13,1,12,4,7.5,4.2,1.44,H
4,7,4,10,2,2017-01-25,3,24,0,5,7,9.0,6.0,1.22,H
2,12,4,11,4,2017-01-25,5,12,2,10,3,2.1,3.5,3.25,D
2,14,2,10,6,2017-01-25,2,13,5,17,3,3.4,3.5,2.05,H
2,26,2,10,6,2017-01-25,3,13,5,20,2,1.44,4.33,7.0,A
3,19,3,17,4,2017-01-26,3,15,5,22,2,1.83,3.6,4.2,D
4,14,1,12,5,2017-01-27,1,11,5,13,4,2.88,3.3,2.4,H
5,10,2,8,3,2017-01-28,1,8,8,26,1,2.9,3.6,2.25,H
2,14,3,13,5,2017-01-28,2,13,3,12,5,2.4,3.5,2.75,H
3,19,3,10,4,2017-01-28,1,13,5,16,4,2.45,3.5,2.7,H
3,14,5,22,2,2017-01-28,3,8,5,12,2,4.0,3.8,1.8,D
4,20,2,16,4,2017-01-29,2,29,1,10,7,4.75,3.6,1.73,D
2,26,0,6,8,2017-01-29,3,12,3,9,4,2.6,3.4,2.6,H
3,15,5,22,2,2017-01-29,1,5,8,22,1,3.0,3.6,2.2,H
2,28,1,9,7,2017-02-03,4,11,3,10,3,1.75,3.6,4.5,D
4,6,5,11,1,2017-02-04,3,11,6,23,1,3.1,3.4,2.25,A
1,7,7,20,2,2017-02-04,2,12,4,13,4,6.5,4.2,1.5,H
1,14,3,12,6,2017-02-04,2,18,4,12,4,4.2,3.75,1.8,H
1,8,8,26,1,2017-02-04,5,18,2,15,3,8.5,4.75,1.36,A
1,12,4,12,5,2017-02-05,1,25,1,7,8,7.5,4.5,1.4,H
3,12,3,9,4,2017-02-05,4,13,2,13,4,2.38,3.2,3.0,D
1,14,4,12,5,2017-02-05,4,13,4,20,2,2.1,3.4,3.4,H
1,12,4,12,5,2017-02-07,4,8,4,9,2,2.3,3.3,3.1,D
2,10,4,12,4,2017-02-10,1,14,4,12,5,2.75,3.3,2.5,A
4,14,3,15,3,2017-02-11,1,10,5,12,4,6.0,4.0,1.53,H
3,11,6,23,1,2017-02-11,4,11,3,10,3,9.5,5.25,1.3,A
1,12,4,13,5,2017-02-11,0,10,8,25,2,2.9,3.25,2.4,A
2,15,4,12,4,2017-02-11,1,7,7,19,2,2.2,3.5,3.1,A
5,11,2,12,3,2017-02-12,3,26,0,6,7,6.0,4.33,1.5,H
1,25,1,7,8,2017-02-12,5,10,2,8,3,1.73,3.6,4.75,H
5,17,2,16,3,2017-02-12,4,7,4,8,2,1.91,3.6,3.75,A
1,19,2,7,7,2017-02-17,3,12,4,14,3,1.36,4.6,8.5,A
0,10,8,24,2,2017-02-18,2,9,6,20,2,3.75,3.5,1.95,H
5,10,2,8,3,2017-02-18,1,13,3,7,6,3.75,3.5,1.95,H
4,7,4,8,2,2017-02-18,1,8,7,14,2,3.4,3.2,2.2,A
1,14,4,14,5,2017-02-18,5,12,2,12,3,5.0,3.4,1.75,H
1,11,5,13,4,2017-02-19,2,13,3,6,5,4.75,3.6,1.75,D
3,23,0,8,7,2017-02-19,2,11,4,13,4,2.0,3.6,3.5,A
4,8,4,11,2,2017-02-19,5,14,2,15,3,3.2,3.5,2.15,D
4,15,2,12,4,2017-02-24,1,19,2,8,7,9.5,4.5,1.36,H
1,14,5,18,4,2017-02-25,2,11,4,11,4,5.0,3.75,1.67,H
3,8,4,8,3,2017-02-25,0,9,8,22,2,3.6,3.4,2.05,A
2,10,5,19,3,2017-02-25,5,8,3,10,2,3.75,3.5,1.95,A
2,12,4,15,4,2017-02-25,2,13,5,16,3,2.05,3.4,3.5,A
3,13,2,5,5,2017-02-26,3,24,0,8,7,6.0,4.0,1.55,H
1,9,7,15,2,2017-02-26,4,9,4,12,2,9.5,5.25,1.3,H
1,15,3,7,6,2017-02-26,6,12,2,15,2,5.25,4.0,1.6,D
0,10,8,23,2,2017-03-04,1,10,4,9,5,6.0,4.0,1.53,D
0,24,2,8,8,2017-03-04,2,11,3,5,5,2.4,3.3,2.88,H
2,26,0,8,8,2017-03-04,2,13,3,8,5,1.95,3.6,3.75,H
7,11,2,16,1,2017-03-04,1,9,7,14,2,2.3,3.5,2.88,H
4,8,4,11,2,2017-03-04,1,15,4,14,5,6.0,4.2,1.5,D
1,10,5,18,4,2017-03-04,1,13,6,19,3,3.75,3.6,1.91,H
3,11,4,12,3,2017-03-04,3,10,3,7,4,1.6,3.6,6.0,A
2,12,5,17,3,2017-03-04,3,14,3,16,4,6.75,4.33,1.45,D
3,9,4,9,3,2017-03-12,2,24,1,11,7,12.0,6.0,1.18,H
1,12,6,19,3,2017-03-12,0,20,3,9,7,12.0,6.5,1.17,D
3,15,3,17,4,2017-03-12,1,11,5,16,4,2.45,3.4,2.55,A
2,14,3,10,5,2017-03-12,3,13,3,11,4,4.75,4.33,1.53,H
1,10,6,12,3,2017-03-12,1,10,7,19,2,2.3,3.4,2.75,A
2,9,4,10,4,2017-03-12,5,5,4,10,1,1.95,3.3,3.6,D
1,14,4,13,5,2017-03-12,6,9,3,15,1,3.5,3.4,1.95,D
2,13,2,5,6,2017-03-12,3,13,4,16,3,2.25,3.3,2.9,A
1,10,7,19,2,2017-07-29,3,9,3,9,4,5.5,3.75,1.62,H
3,17,3,18,4,2017-07-29,1,11,5,15,4,2.6,3.4,2.6,A
2,9,5,12,3,2017-07-29,2,15,2,5,6,7.0,4.75,1.4,D
1,18,3,10,6,2017-07-29,5,4,4,9,1,1.83,3.6,4.2,A
6,10,3,16,1,2017-07-30,2,13,4,13,4,2.6,3.4,2.6,D
0,12,6,12,4,2017-07-30,2,14,4,15,4,6.0,4.33,1.5,A
3,14,2,8,5,2017-07-30,2,13,5,18,3,2.3,3.4,3.0,H
3,17,2,8,5,2017-08-04,6,9,3,15,1,3.25,3.3,2.2,H
4,4,5,13,1,2017-08-05,1,9,7,16,2,3.5,3.4,2.05,H
3,10,2,7,5,2017-08-05,0,12,5,10,5,2.2,3.25,3.3,A
2,14,4,14,4,2017-08-05,3,12,4,14,3,2.75,3.4,2.45,D
1,14,5,18,4,2017-08-05,2,22,3,18,5,4.33,3.75,1.75,H
2,13,4,13,4,2017-08-06,3,22,1,9,6,8.0,4.5,1.4,H
1,8,6,19,3,2017-08-06,1,20,3,9,6,13.0,5.75,1.22,H
1,20,3,10,6,2017-08-11,2,21,3,16,5,2.15,3.4,3.3,A
1,8,6,13,3,2017-08-12,1,9,6,21,3,3.3,3.5,2.1,A
0,12,6,14,4,2017-08-12,4,3,5,12,1,4.2,3.75,1.8,A
3,15,3,10,4,2017-08-12,3,15,3,14,4,2.3,3.25,3.1,D
4,13,3,14,3,2017-08-12,2,12,5,14,3,4.75,3.6,1.73,A
3,20,1,8,6,2017-08-13,3,15,1,8,6,1.85,3.5,4.2,H
6,11,2,13,2,2017-08-13,1,13,5,17,4,2.1,3.3,3.5,H
2,21,4,18,4,2017-08-18,5,9,3,12,2,4.75,4.0,1.67,A
2,11,5,15,3,2017-08-19,0,8,7,21,3,2.38,3.5,2.8,H
3,15,1,7,6,2017-08-19,3,20,2,12,5,4.0,3.6,1.85,A
3,3,6,14,1,2017-08-19,3,16,3,14,4,3.75,3.5,1.95,A
1,12,5,16,4,2017-08-20,3,16,2,8,5,9.5,5.5,1.29,A
1,20,3,10,6,2017-08-20,1,10,5,11,4,1.75,3.75,4.33,A
3,16,3,11,4,2017-08-20,0,14,5,13,5,1.8,3.75,4.2,H
0,14,5,15,5,2017-08-25,1,9,6,12,3,4.0,3.6,1.85,D
2,24,3,16,5,2017-08-26,3,14,1,6,6,3.6,3.25,2.1,H
4,15,3,15,3,2017-08-26,3,19,3,13,4,6.0,4.0,1.55,H
0,10,6,19,4,2017-08-26,3,5,5,14,2,3.3,3.4,2.15,H
3,16,4,17,3,2017-08-26,1,12,5,18,4,4.75,3.6,1.73,H
4,9,4,16,2,2017-08-27,1,22,2,9,7,5.25,3.4,1.73,H
2,18,3,11,5,2017-08-27,3,16,4,14,3,2.6,3.3,2.63,D
2,8,5,14,3,2017-09-08,2,18,3,11,5,10.0,5.5,1.29,H
1,25,2,9,7,2017-09-09,1,15,4,15,5,1.57,3.75,6.0,H
0,10,6,20,4,2017-09-09,2,16,5,18,3,3.4,3.4,2.1,H
2,7,6,13,2,2017-09-09,1,25,4,18,5,5.75,3.8,1.6,D
2,20,3,13,5,2017-09-10,3,15,4,13,3,3.6,3.5,2.0,D
2,13,6,18,2,2017-09-10,4,15,3,14,3,2.88,3.2,2.45,D
3,17,0,7,7,2017-09-10,4,9,4,17,2,4.2,3.6,1.83,D
5,14,3,15,2,2017-09-15,1,26,2,10,7,8.0,4.75,1.36,H
2,21,4,18,4,2017-09-16,4,15,0,6,6,5.25,4.0,1.62,D
2,17,3,11,5,2017-09-16,3,9,5,13,2,1.7,3.6,5.0,D
3,18,3,14,4,2017-09-16,2,14,3,15,5,2.2,3.3,3.25,H
5,8,4,17,1,2017-09-17,0,10,7,25,3,2.2,3.4,3.2,D
4,16,3,13,3,2017-09-17,3,12,6,18,1,2.45,3.3,2.8,A
1,16,3,14,6,2017-09-17,2,25,3,16,5,5.75,4.0,1.55,H
3,11,6,16,1,2017-09-23,2,18,4,15,4,5.0,4.0,1.62,D
2,15,2,12,6,2017-09-23,5,11,4,17,1,3.75,3.5,1.95,H
1,10,7,26,2,2017-09-23,1,16,3,14,6,4.0,3.4,1.91,H
3,15,3,12,4,2017-09-23,3,21,4,19,3,1.7,3.6,5.0,A
1,26,2,9,7,2017-09-24,4,16,0,7,6,2.25,3.25,3.2,A
2,23,3,16,5,2017-09-24,3,17,3,12,4,4.5,3.75,1.73,A
3,10,5,15,2,2017-09-24,5,8,4,17,1,6.0,4.0,1.55,H
4,16,1,9,5,2017-09-29,2,15,2,13,6,2.8,3.25,2.5,A
3,19,3,14,4,2017-09-30,1,10,8,28,1,1.91,3.6,3.8,D
4,8,6,17,0,2017-09-30,4,10,4,15,2,2.5,3.25,2.8,A
4,11,4,15,2,2017-09-30,1,18,2,13,7,3.1,3.2,2.3,D
4,8,4,16,2,2017-10-01,3,15,3,13,4,5.0,4.0,1.62,H
3,14,4,12,3,2017-10-01,1,23,2,10,7,5.0,3.6,1.7,H
3,10,5,15,2,2017-10-01,2,24,2,11,6,6.25,4.0,1.53,A
3,14,2,10,5,2017-10-13,5,10,4,15,1,1.73,3.8,4.5,A
2,12,7,29,1,2017-10-14,3,16,1,8,6,5.5,3.8,1.6,D
2,19,2,15,6,2017-10-14,4,20,3,16,3,7.0,4.33,1.44,D
3,21,4,17,3,2017-10-14,3,12,5,12,2,6.0,3.8,1.57,H
2,13,3,13,5,2017-10-14,2,13,5,16,3,3.0,3.2,2.38,D
1,24,1,9,8,2017-10-15,3,10,6,18,1,2.15,3.5,3.2,A
3,10,5,16,2,2017-10-15,4,8,4,16,2,7.5,4.2,1.44,H
3,9,4,15,3,2017-10-20,3,18,2,16,5,1.9,3.6,3.75,A
5,13,4,16,1,2017-10-21,3,13,6,28,1,3.1,3.6,2.14,H
3,11,5,12,2,2017-10-21,3,11,5,17,2,1.7,4.0,4.33,D
3,18,1,10,6,2017-10-21,2,14,5,17,3,2.39,3.39,2.79,D
2,10,7,19,1,2017-10-21,2,12,3,12,5,3.0,3.39,2.29,H
5,17,3,17,2,2017-10-22,3,15,2,13,5,4.5,3.75,1.75,A
3,18,2,14,5,2017-10-22,0,25,1,9,9,9.0,5.0,1.33,H
3,21,4,16,3,2017-10-22,1,20,4,14,5,4.2,3.75,1.8,A
3,17,5,24,2,2017-10-24,4,10,4,10,2,7.5,4.5,1.39,H
3,15,4,14,3,2017-10-24,4,13,5,19,1,3.79,3.6,1.9,A
4,18,1,11,5,2017-10-24,2,10,7,19,1,3.1,3.39,2.25,H
1,17,5,19,4,2017-10-25,2,15,3,14,5,6.5,4.5,1.44,H
0,22,1,9,9,2017-10-25,4,15,3,14,3,2.62,3.25,2.62,H
4,12,4,17,2,2017-10-25,2,23,4,15,4,5.0,3.5,1.72,H
2,11,4,15,4,2017-10-26,2,18,3,15,5,2.14,3.29,3.39,D
3,18,3,19,4,2017-10-26,2,10,3,10,5,5.0,3.5,1.72,H
4,13,3,9,3,2017-10-27,4,13,2,12,4,2.6,3.2,2.7,H
2,16,3,14,5,2017-10-28,3,16,5,24,2,1.53,4.2,5.75,A
4,16,2,12,4,2017-10-28,4,12,5,19,1,1.61,3.79,5.5,D
2,13,6,18,2,2017-10-28,3,17,3,13,4,2.7,3.39,2.5,A
3,11,6,19,1,2017-10-28,1,15,6,21,3,4.2,4.0,1.72,H
2,11,2,8,6,2017-10-29,0,19,2,10,8,6.0,4.75,1.44,H
3,17,3,15,4,2017-10-29,3,16,3,15,4,2.87,3.6,2.29,D
1,23,4,14,5,2017-10-29,3,9,4,14,3,5.75,4.0,1.57,H
3,12,3,14,4,2017-11-03,3,13,4,10,3,4.33,3.39,1.85,H
3,17,3,14,4,2017-11-04,5,11,2,9,3,9.0,4.5,1.36,D
5,10,5,18,0,2017-11-04,2,11,7,20,1,5.25,3.6,1.66,H
3,17,5,25,2,2017-11-04,2,11,3,12,5,4.33,3.75,1.75,D
4,16,3,17,3,2017-11-04,1,21,5,17,4,5.0,4.0,1.61,H
0,21,2,10,8,2017-11-05,2,19,2,14,6,3.6,3.29,2.04,D
4,13,2,13,4,2017-11-05,4,16,2,12,4,2.5,3.25,2.79,A
1,16,5,20,4,2017-11-05,2,16,5,15,3,3.75,3.39,2.0,H
2,12,6,18,2,2017-11-17,4,15,2,14,4,4.33,3.6,1.8,H
4,15,3,14,3,2017-11-18,4,19,5,28,1,3.0,3.5,2.25,A
3,12,3,14,4,2017-11-18,5,9,5,18,0,2.7,3.1,2.7,H
3,17,1,11,6,2017-11-18,4,13,4,17,2,1.44,4.33,7.0,A
2,19,4,15,4,2017-11-18,3,12,3,11,4,4.2,3.75,1.8,D
1,21,4,14,5,2017-11-19,1,19,2,9,7,8.5,4.75,1.36,H
3,12,3,7,4,2017-11-19,4,14,3,12,3,1.83,3.6,4.2,A
6,11,1,8,3,2017-11-19,1,14,6,24,3,2.5,3.25,2.79,A
3,13,5,18,2,2017-11-24,2,15,3,7,5,9.5,5.25,1.3,H
2,12,6,19,2,2017-11-25,4,12,3,11,3,3.29,3.39,2.14,D
4,19,5,26,1,2017-11-25,3,16,3,11,4,4.2,4.0,1.72,H
4,11,4,15,2,2017-11-25,3,13,4,17,3,4.33,3.75,1.75,D
4,14,2,12,4,2017-11-25,1,21,4,16,5,2.87,3.2,2.45,A
4,11,5,19,1,2017-11-26,2,19,1,12,7,10.0,6.0,1.25,H
1,12,6,22,3,2017-11-26,1,18,2,9,7,7.5,5.0,1.36,H
4,12,2,7,4,2017-11-26,6,11,1,8,3,4.2,3.5,1.85,A
2,16,3,10,5,2017-12-01,3,16,2,12,5,3.75,3.6,1.9,D
1,16,5,17,4,2017-12-02,3,9,6,21,1,2.54,3.5,2.6,H
2,20,1,10,7,2017-12-02,5,9,3,12,2,1.5,4.0,7.0,A
5,10,2,9,3,2017-12-02,2,11,6,18,2,2.2,3.5,3.1,H
3,12,4,16,3,2017-12-02,3,12,6,20,1,2.7,3.39,2.5,D
1,20,1,9,8,2017-12-03,4,18,5,22,1,1.57,4.2,5.25,D
4,11,3,10,3,2017-12-03,3,14,2,7,5,6.5,3.79,1.53,D
1,17,3,7,6,2017-12-03,0,12,7,23,3,2.04,3.6,3.29,A
3,14,2,7,5,2017-12-08,0,15,6,19,4,2.39,3.5,2.75,H
4,12,5,19,1,2017-12-09,4,11,3,10,3,5.75,3.79,1.6,H
4,19,5,23,1,2017-12-09,5,11,2,10,3,6.0,4.75,1.44,D
2,11,6,20,2,2017-12-09,1,16,3,7,6,9.0,5.5,1.3,H
2,14,5,18,3,2017-12-09,3,17,2,9,5,4.2,3.75,1.8,A
3,15,2,11,5,2017-12-10,1,20,1,9,8,8.5,4.33,1.39,A
4,9,4,13,2,2017-12-10,2,20,1,11,7,11.0,5.75,1.25,H
0,10,8,23,2,2017-12-10,4,11,4,16,2,3.29,3.5,2.1,D
2,16,3,9,5,2017-12-15,4,9,6,18,0,2.04,3.39,3.5,H
5,12,3,15,2,2017-12-16,5,18,4,21,1,3.0,3.5,2.25,D
2,13,5,18,3,2017-12-16,2,12,6,19,2,2.62,3.39,2.54,H
0,17,5,18,5,2017-12-16,4,9,4,14,2,2.5,3.29,2.75,D
1,18,2,7,7,2017-12-16,3,13,3,9,4,3.39,3.2,2.2,D
5,11,2,10,3,2017-12-17,3,17,1,10,6,2.79,3.5,2.37,D
1,19,2,11,7,2017-12-17,2,21,1,11,7,3.6,3.5,2.0,H
4,9,3,10,3,2017-12-17,1,10,8,24,1,4.33,3.39,1.85,A
2,24,1,10,7,2017-12-20,1,11,6,18,3,1.83,3.6,4.2,A
5,7,4,14,1,2017-12-21,4,11,2,8,4,4.75,3.6,1.72,A
4,17,1,11,5,2017-12-21,2,17,1,5,7,4.75,3.6,1.72,H
5,15,4,18,1,2017-12-22,1,18,3,16,6,8.0,5.25,1.33,H
2,14,4,9,4,2017-12-22,1,15,5,19,4,2.89,3.29,2.37,A
2,13,5,17,3,2017-12-23,5,9,2,8,3,7.5,4.2,1.44,A
1,10,8,23,1,2017-12-23,3,8,6,16,1,2.39,3.39,2.79,H
6,12,2,14,2,2017-12-23,4,13,2,8,4,5.5,3.75,1.61,D
2,16,1,5,7,2017-12-26,1,15,3,13,6,3.75,3.39,2.0,H
2,9,6,16,2,2017-12-26,2,24,1,8,7,15.0,7.0,1.16,H
1,16,5,20,4,2017-12-26,4,13,5,17,1,2.87,3.6,2.25,H
1,8,6,17,3,2017-12-26,4,8,4,14,2,2.5,3.29,2.75,H
3,15,2,10,5,2017-12-26,1,11,8,22,1,2.62,3.39,2.54,A
5,11,2,8,3,2017-12-27,2,15,4,16,4,2.25,3.29,3.2,H
4,9,3,10,3,2017-12-27,6,12,2,14,2,3.75,3.39,2.0,A
4,10,3,10,3,2018-01-16,2,15,3,7,5,2.54,3.25,2.75,A
2,10,6,17,2,2018-01-19,2,18,2,9,6,5.5,4.0,1.6,H
1,9,8,21,1,2018-01-20,1,7,6,15,3,3.25,3.39,2.14,A
1,16,4,16,5,2018-01-20,2,16,3,8,5,5.0,3.75,1.66,H
4,10,5,16,1,2018-01-20,5,9,3,9,2,6.0,4.33,1.5,H
6,11,3,17,1,2018-01-20,1,11,6,19,3,3.6,3.5,2.0,H
2,27,1,10,7,2018-01-21,4,12,2,9,4,1.64,3.6,5.5,D
1,16,2,12,7,2018-01-21,4,11,3,11,3,2.7,3.29,2.54,A
3,9,4,13,3,2018-01-21,1,15,2,5,7,9.0,5.5,1.3,H
1,16,4,16,5,2018-01-23,2,10,6,18,2,3.0,3.39,2.29,A
1,7,6,15,3,2018-01-23,6,11,4,20,0,3.29,3.39,2.14,H
4,12,3,11,3,2018-01-23,1,11,7,19,2,2.5,3.29,2.75,H
1,12,6,19,3,2018-01-24,1,15,2,12,7,7.0,4.75,1.39,D
1,15,2,5,7,2018-01-24,4,14,2,11,4,2.25,3.25,3.2,D
2,20,1,6,7,2018-01-24,4,12,5,16,1,2.79,3.1,2.6,H
4,9,4,12,2,2018-01-24,3,7,5,16,2,1.9,3.39,4.0,A
2,15,3,9,5,2018-01-25,3,29,0,10,7,6.5,4.5,1.44,H
1,8,7,19,2,2018-01-26,1,6,6,15,3,4.5,3.5,1.8,A
4,13,2,10,4,2018-01-27,2,18,2,6,6,4.0,3.29,1.95,D
6,12,3,16,1,2018-01-27,3,11,4,13,3,6.0,4.33,1.5,D
4,11,4,13,2,2018-01-27,0,19,4,16,6,3.6,3.29,2.04,D
1,11,7,19,2,2018-01-27,2,13,5,18,3,2.87,3.39,2.37,D
3,28,0,11,7,2018-01-28,2,15,1,4,7,2.54,3.39,2.62,H
3,8,5,15,2,2018-01-28,2,14,4,12,4,4.33,3.75,1.75,A
2,14,2,12,6,2018-01-28,4,10,4,12,2,2.87,3.39,2.39,D
3,13,5,20,2,2018-02-02,5,13,1,8,4,3.75,3.39,2.0,A
2,16,1,4,7,2018-02-03,4,7,4,9,2,2.0,3.5,3.6,D
5,13,3,14,2,2018-02-03,2,11,5,17,3,2.0,3.29,3.79,A
3,12,4,14,3,2018-02-03,1,10,6,17,3,2.0,3.29,3.79,A
1,19,3,14,6,2018-02-03,6,9,3,13,1,4.0,3.6,1.85,A
1,4,7,17,2,2018-02-04,2,17,2,15,6,7.5,4.5,1.39,D
3,16,2,6,5,2018-02-04,2,28,1,13,7,7.0,4.33,1.44,D
2,12,5,13,3,2018-02-04,2,11,6,17,2,3.25,3.75,2.04,D
3,12,5,17,2,2018-02-09,3,12,4,14,3,4.75,3.75,1.7,H
6,7,3,12,1,2018-02-10,3,14,1,5,6,5.75,4.0,1.57,H
5,13,2,10,3,2018-02-10,1,18,3,12,6,2.89,3.25,2.39,H
5,8,3,9,2,2018-02-10,2,6,6,17,2,3.39,3.39,2.1,H
3,17,2,16,5,2018-02-10,2,13,5,14,3,2.14,3.39,3.25,H
2,11,5,17,3,2018-02-11,4,17,2,9,4,5.5,3.6,1.64,D
1,9,6,16,3,2018-02-11,4,16,3,14,3,11.0,5.0,1.28,H
3,28,1,16,6,2018-02-11,3,15,4,18,3,1.72,4.0,4.33,D
3,13,3,18,4,2018-02-16,5,7,4,15,1,2.25,3.39,3.1,H
2,14,5,14,3,2018-02-17,4,13,3,14,3,3.29,3.39,2.14,D
3,15,3,13,4,2018-02-17,4,26,1,15,5,5.5,3.79,1.6,D
1,22,2,8,7,2018-02-17,2,12,5,18,3,2.79,3.25,2.5,A
5,8,3,9,2,2018-02-17,3,11,5,17,2,6.0,4.0,1.57,H
4,18,3,17,3,2018-02-18,5,16,2,10,3,2.62,3.29,2.6,D
1,7,6,17,3,2018-02-18,3,14,1,4,6,5.75,4.0,1.55,D
4,16,3,17,3,2018-02-18,1,11,6,17,3,2.75,3.29,2.5,D
4,12,3,13,3,2018-02-23,4,15,2,12,4,4.75,3.5,1.75,H
2,11,5,17,3,2018-02-24,4,8,4,10,2,3.5,3.29,2.1,H
5,16,2,10,3,2018-02-24,2,6,6,17,2,3.25,3.25,2.2,D
4,7,4,14,2,2018-02-24,2,13,5,13,3,3.79,3.5,1.95,H
4,15,1,6,5,2018-02-24,5,17,2,15,3,2.2,3.29,3.29,A
1,12,6,18,3,2018-02-25,3,11,4,18,3,8.5,5.0,1.33,H
3,14,4,18,3,2018-02-25,1,19,2,7,7,3.1,3.29,2.29,A
4,26,1,15,5,2018-02-25,4,18,3,17,3,3.0,3.29,2.37,D
3,10,4,11,3,2018-03-03,4,11,4,17,2,4.0,3.5,1.9,H
3,6,5,15,2,2018-03-03,6,14,2,10,2,3.75,3.39,2.0,D
1,18,2,6,7,2018-03-03,5,24,1,15,4,7.5,5.5,1.33,H
2,15,4,12,4,2018-03-03,4,15,1,6,5,5.75,3.79,1.6,A
2,12,5,17,3,2018-03-03,1,15,6,22,3,3.1,3.25,2.29,A
3,6,6,18,1,2018-03-03,5,18,2,15,3,5.5,4.0,1.57,H
3,18,2,11,5,2018-03-03,5,15,3,16,2,2.2,3.29,3.25,A
3,15,3,18,4,2018-03-03,2,14,4,17,4,2.2,3.29,3.25,A
4,11,4,16,2,2018-03-11,3,18,2,15,5,5.75,4.0,1.55,H
1,15,7,24,2,2018-03-11,2,10,5,13,3,5.5,3.79,1.61,H
3,17,2,9,5,2018-03-11,2,18,2,10,6,3.25,3.5,2.1,A
6,13,2,9,2,2018-03-11,1,17,3,8,6,2.79,3.39,2.39,H
2,15,4,18,4,2018-03-11,1,13,5,17,4,2.7,3.29,2.54,A
4,14,4,16,2,2018-03-11,3,8,6,19,1,6.0,4.33,1.5,H
4,21,2,17,4,2018-03-11,2,18,3,13,5,2.1,3.6,3.29,A
5,21,1,16,4,2018-03-11,3,6,5,15,2,1.7,3.79,4.75,A
